0001076
2004441
1007974
2032129
2008475
1040941
1047615
1023745
0000828
1010585
2002509
1005567
1016627
2004367
2005947
2007931
2040295
2018459
1040410
2003691
2005592
1033197
1017930
2003153
2004994
1008614
1047496
2025456
1047651
1040213
2002399
2001590
1011602
2000245
1007234
0001196
1032538
1033876
2015058
1029648
1020536
1033472
1001857
2015341
1040488
1047542
1004008
2005025
1011874
2002473
2003917
2004214
1032770
1030993
1040411
1002083
1040962
2024010
2008621
1042580
1046118
2014727
2000111
2001042
1026256
2017789
2041007
2031598
1043960
2015239
2001879
1001136
2001077
2044360
1015161
1024722
2018440
1005989
1040915
2003288
1018481
1003994
1008181
1029436
1017484
1025650
2028678
2040204
1023918
1029580
1020136
1000137
1031570
2028685
1009309
2025445
1027756
2004424
2004969
1041658
2004164
1005569
1040470
1024283
1025801
2005619
1001243
1008733
1031368
1018033
2025429
2024104
1031246
1041089
1015452
2005211
2001529
1018507
0001174
2043850
1008049
2020321
1042187
1019516
2007627
1006062
1033587
2044190
1009416
1024680
1044306
2044300
0001154
1007809
1040609
2016393
1034103
2043253
1018092
1031437
1004544
2008081
2004415
2043539
2024075
1041057
1015179
2026747
2003062
1011842
1043744
2007860
1006210
1003315
1020453
1042242
1025376
1025630
1045638
1047704
2041366
1024704
1008734
2033152
2015423
1004797
1016209
2005898
1015721
1043924
2015263
2001287
1033818
2044447
1033542
2005400
2004353
1041759
1040892
2003464
2005951
2008590
2023931
2001717
2032147
2001208
2016321
1024572
2004086
1015351
1007157
2044198
0000577
1010564
1004888
1045401
1034133
1044853
1045650
2001673
1010554
2003307
2002036
2002770
2005051
1020141
2040571
1013595
1034054
0000853
2002681
1002542
2003438
2014784
2017791
1011972
1018813
1041594
1017947
1009742
1007841
2000676
1047679
1031311
2043543
2044213
2002852
2000954
1006957
2032887
2043792
2040160
1016212
1007172
1047729
1011153
1003898
1047838
1013403
2004163
2016475
1046553
0000641
1031477
1040934
2040630
2041086
2008532
1019625
1001629
1013373
2004930
1008048
1017701
2004860
2003932
1047763
1034203
2002971
1033020
1040967
1043654
2004711
2043001
1007911
1007878
1044854
2007884
1043971
1008230
2025391
1020648
2008648
2024124
1043865
1013177
1003798
1029279
1025041
1042383
2009289
1029576
1016766
2033760
1031838
2015236
1005047
1025432
1013171
2041116
1012480
1031557
2041166
0000406
1024048
1018394
2001706
2043812
2034624
0001139
1047602
1026332
1010551
2044399
1010660
1013148
2041963
1025164
1015135
1044864
2024820
2032508
0001665
2002100
1047740
1014737
1004494
2033136
0001191
1017487
1041093
2033558
1002659
2004199
1018738
1046592
2025337
2043915
2000975
2012995
1017235
1004553
2031468
2008618
2043993
1026116
2000127
1031877
1027761
2000404
2041372
1022056
1007938
2015316
0001201
2031467
1024844
1011882
0001916
1025603
1015168
1001837
1046393
2008680
2031551
2005105
2007384
1041046
2003696
2001154
2015183
0000486
1008139
2033190
1023751
2041069
1007731
1031264
2000230
2031428
2003933
1007022
1032890
2031509
1017401
2040117
2006330
2020668
1042389
2033636
1026025
1017611
0001970
1014178
1024028
2009247
2004010
1008050
2023953
1017406
1041825
2003442
1040935
1008544
2000107
1004440
1017588
2043814
1008040
2026245
1043135
1003330
1013402
2042652
1015106
1006827
1013404
1005934
0001417
1044097
1041764
2032446
1029662
1018498
2003014
2002801
1016395
2003375
2041233
1009265
1016429
1031637
2043512
1042142
2015425
2003922
0001024
1045551
1023590
1040402
1047567
1017920
1024087
2001759
1018158
1024032
1023027
2004462
2023935
1042443
2003413
1008131
2015424
2005760
2026752
2030055
1002278
2004428
1013212
0001112
2042514
1044603
1018505
2001854
2003085
1018314
2002615
1013639
1042600
1002268
2042978
1025387
2033606
2002695
1042384
2008640
2004161
1040302
1019465
1005596
2042959
1013192
2002811
2043680
2043966
1046452
2027413
2032347
1017346
1018286
1009982
2016416
2001383
2003579
1046275
1040383
1002132
2008652
2005923
2009159
1024604
1008814
2004738
1023838
0000877
2044458
1017351
2001274
1006231
1008493
2026453
1018061
1007153
1005549
2002948
1011844
2015135
1040070
1025388
1040448
2000834
1043658
0001521
2043677
1008263
2001744
1013189
2008765
1008192
1008612
1045692
2005894
1031273
1031178
1044175
2000273
1008623
1025278
2003574
2004182
2028753
2003451
2025339
2007836
2015152
1018148
1047512
2031426
0000507
1046518
2032551
2043754
1042502
1043846
1029659
1006337
1012252
2043823
1000305
2014697
0000575
1009827
0000144
1018118
1000828
1047721
1007848
0000875
0001379
2009239
2002420
2003216
1008083
1002287
1005193
1018447
2031187
2007902
1040497
1047747
2003173
1008080
1044189
1025866
0001585
1009318
1008419
2002206
1045972
2002462
1029401
2017794
1009228
2007759
2004435
1032587
1044501
2026344
1046197
2015429
1047603
0001572
1010173
1017081
2000738
2033139
2002812
1001132
1024823
2012985
1007884
1009161
1046167
1047310
2000511
1040011
1010466
2024066
1034207
1047988
1008327
2001371
1008156
1047847
0001587
1015158
1041494
1007920
2016352
2008699
1010168
2001466
1007020
2031869
1031928
2002104
2041009
1008422
1016205
0001077
1003497
1040961
1044840
1044489
2001299
2000593
2003501
1047668
1043956
1040952
2004265
1008390
2004704
1017357
2001552
1017916
2001633
2001894
1046123
1004343
2041310
2044110
2043797
2001675
2008732
1008341
0000871
1041552
1046376
1008136
2026020
2023661
2007995
1032250
2024238
2023986
2000438
1007904
1047547
2043937
2016388
1021554
2008589
2024825
2004473
1022132
2025380
1044716
2022643
1033872
1047720
2041821
2004985
2003619
1001151
1047558
2003511
2015151
1031940
1018278
1011355
2005595
2041201
2007850
2042223
2016403
1006947
1047970
1040451
1002955
2022207
1033222
1025096
1042559
2029135
1014463
2041933
2008729
1043493
1009912
1002789
1018313
1007869
1012477
0001605
2032502
1044505
2025451
1042504
2004089
2042832
2003024
2003326
2028846
1041974
1031156
1017918
1047848
1026192
2001561
1024819
1008512
1016211
1019947
2004707
1043813
2040939
1026184
1007139
2041969
2040970
1044007
2003913
1044172
1000597
1034691
0000612
1032567
2040016
1032724
0000339
1017985
2041361
1043448
1004367
1031191
2032720
2003740
1006185
1040953
1018284
1043494
1017976
1008135
2003956
2014805
2000906
2004217
1025277
2004801
2002348
2002889
1010175
1042084
1004863
1044196
2005074
1025516
1024736
1022151
2027546
2026059
1026075
1010160
2009379
2002564
1017959
1006948
2044317
2042445
1007900
2003294
1025803
1042929
1046083
1013219
1009249
2024912
1010265
1040849
1034093
2004544
1007858
2041208
2004734
2023900
1010500
2002918
2004380
1007771
2003836
0000960
1004360
2002398
2004911
1032725
1011954
1001548
2005208
1002189
1033859
1016404
1040956
1018048
2044061
0001596
1047887
1017077
1044728
1032240
1031163
1007991
2008776
2041642
2002973
2004299
2044908
1042312
2032593
1013568
2030440
2043868
1044882
2041319
1007803
2003924
2033881
2034922
1041647
0001340
1041150
2024848
2003251
1043735
1010557
1006111
2023911
1001796
2024076
1012129
1041430
1026396
1001196
1040249
1003606
0001839
1041021
2044592
1015149
2040950
1009984
2033186
1024001
1019952
1033953
1043528
2003832
1041484
2032509
1017690
2001393
2045050
2004198
2004830
2031836
1001137
2022309
2003628
1011371
1010298
1009164
1040031
2041124
2021853
1041573
2003769
2041167
1030893
1031989
1016501
1017858
1024734
2040157
2002974
1004305
2004130
1001529
2001809
2031622
1006134
1043545
2042473
1018000
2002599
1046596
1023549
1033732
1043651
2031231
2003206
1033986
1046212
2000137
1018165
1046751
1012948
1043673
1020889
2005491
2012978
1047963
2015507
1013023
2029495
2018438
1007762
0001663
1008102
2031416
2001568
2015268
2040942
1047616
1017069
1012540
2042103
1040232
2014726
1024898
0001348
2015078
1008090
2017649
2002554
2044195
2041436
2005174
1001280
2041227
1013768
1012047
1023550
2002339
2024854
2001261
1042524
2040255
2011603
2009283
2003575
1025557
1043805
2004465
2045038
2003105
2003496
1040463
2005590
1025811
1027509
1043958
2009234
1008149
1007908
1024714
0000560
2006329
2004666
1024836
1032344
1044809
2025298
2005798
1010908
1007876
1045910
2043265
1013566
1032787
2000129
2005291
1040381
1031932
1032122
1018477
1029642
1007189
1009937
1002190
1046387
2024050
0000761
1017957
1043663
2005855
2001305
1010178
1045874
2033054
1013204
1016201
1018826
2008678
1019473
1012109
2008691
1006454
2043548
2001625
1026194
1018287
2041639
1032468
2003734
2000416
2007819
1011608
1002229
1001679
1022068
2003505
1021860
2031954
2028146
2028611
1004820
2015505
2040127
1041186
1034049
2003943
1029582
1013432
2032332
2007844
1012492
0000806
1020507
2003427
1008590
2026145
2032111
1011950
2025742
1045771
2015653
2024909
1025994
1047875
1046294
1025377
1018100
1005840
2009183
1047928
1040741
1006242
2042434
1018322
1001603
1006230
2014698
1046256
1026215
2004851
1006193
2001064
1040505
1031270
1033947
1009851
1043079
2034015
2015892
1009304
2002241
2002818
1041722
2007380
1041023
2044211
2016400
2001678
2044041
1041436
1026522
1007411
2041559
2002565
2004918
1033720
2044200
1013783
2014800
1025826
1026360
2025819
1025673
2043648
1002650
1008141
1018145
1046638
1044202
1001552
2007459
2008006
1040776
1022043
1001536
1000737
1016466
1033988
1001342
1046304
2008005
1041748
2041971
1026395
0001163
2028867
2005769
2001400
1017970
2041894
1011881
2040667
2043741
1010268
1007964
1015108
1003311
0001166
1020657
1046003
2041723
2008688
2044060
2017664
1011390
0001090
1024502
1020145
1044073
1044120
0001740
1025555
1025119
2002767
2003127
1018391
2003738
1000982
2014684
2007813
2044720
1004583
2025816
1043767
1044467
1018259
1010001
2023991
1025040
1009926
2043973
2030382
2002809
2005536
2002361
1044831
1044400
2008069
1041747
1017944
1043549
1024178
1025562
1031907
2033194
1025674
2023972
0001281
1000105
2024004
1001253
1032126
1045837
1008101
2008676
2032839
2024941
1006563
2001546
1025023
2004180
1045993
1047657
1010732
1041207
1034291
1023594
2006190
1007233
1026825
1008507
2008677
0001609
1009176
2032217
2041612
1047589
0000052
1041952
2045099
1009788
1005990
1001102
1001519
2007883
0000620
1008661
1031903
2043893
2003887
2003257
2005140
2040026
1010559
1023758
2008968
1012979
1019610
1006954
2043857
2005973
2041186
1025628
2041363
2040500
2042474
1012245
1040988
2043712
1016771
1044006
2043820
2003624
1028606
1017402
2008737
1047839
2034892
1004432
1019656
2023952
1025517
2004542
1045985
0000754
1017693
2042510
1046338
2044804
2041892
1001545
1009973
1041022
1044812
2031719
2025727
1008586
1045623
1028800
1034107
1045964
1017594
2004237
1010968
2041702
1004872
1004810
1040906
1020168
2016191
2043819
2032068
2017659
2033037
2024246
2002665
1008160
2043258
1008684
1000255
1025670
2003731
1017971
2002798
0002033
2033985
2044874
2000330
2017712
1007816
2007823
2041057
1029138
1009858
2004733
1041239
1010274
2041317
1008152
1017884
2001250
2003166
1042437
1007821
1046250
2004207
2008043
1022172
1026219
1047557
2042508
2025324
2002582
2003929
1012127
1045845
2008739
1004002
0000690
0000991
2004578
1026363
1044726
2003444
2007899
1008668
2008484
2029649
2006078
2002619
1002147
2007825
2033640
2041640
2007505
1023752
2040542
1001350
2033283
1044310
1041081
1043868
2032689
0001563
1012994
1031263
1043626
2000498
2025423
1009768
2001334
1007939
2041843
1010943
2008643
1006783
1043514
2025397
1013392
0000466
1004968
2003940
1032718
0001724
1031879
2003883
1000572
2006241
2041657
2017647
2023988
2004935
2028825
1004928
2003217
1019958
2015669
2041146
1041836
2025444
1033567
1044466
0001304
2016349
1008843
1017704
2040565
1003549
2006302
2024486
2016354
1017972
1017997
1019951
2009243
1019671
2005149
2006139
2006157
1011612
1031357
0001146
2025938
1044321
2031161
1044524
1015938
2034467
2007816
2041840
1015137
0001610
2000042
1010475
1007655
2033867
1026313
1004552
1047667
0000738
1007374
1002522
2001446
2015426
2034840
1026053
1001204
1040180
2041108
2041675
1026749
1029269
1008112
1033223
1010926
2030171
2015490
1024352
2023597
1006952
2026132
1046026
1009960
2033079
1015641
1015428
1001193
2005079
2002649
0001148
2004976
0001754
0001524
2003644
2001726
2014685
1034089
1047807
2041616
2041833
2017690
1024282
2004158
1015041
0002073
2041917
2033130
1040477
1010549
1025038
2002682
1007800
1007237
2006326
2000433
1019825
2001562
2000436
2001226
1043581
1009934
1033546
1042350
0000188
1006657
2002577
1027536
2043730
1046902
2006137
1047009
1017703
2001569
1029405
2003499
1043968
1008172
1042228
0000899
1034403
2002580
1008481
2008042
1008188
2007566
2033179
2006128
2003676
2006113
2042128
1002119
1040951
1006182
1018129
1016626
1003301
0001891
1025549
1013615
2032841
1017662
2009177
2033212
1034158
1024706
2004031
1044636
1044106
2031801
2029166
0001310
0000164
2024235
1024746
2002512
1001799
1010815
1045966
1025127
2040138
1031665
1011171
1029438
1017790
0000939
1017921
2040545
1029655
1043860
1044207
2041638
2017697
2042203
1001259
1031594
2001377
2040632
1018825
2001034
2006304
2028748
2042515
0000147
2034855
2001544
2007907
1020617
1043789
1000978
1040504
1041433
2007442
1046124
1042252
1018480
1031861
1013361
1008183
2007795
1005544
1046293
1032865
1031354
2033306
2044595
1044296
1041228
1008508
1024092
1044787
2000364
2043871
2008670
1023908
1001762
1029416
1044274
1010812
2031304
1005346
1008200
2001035
2031905
2026377
2003561
2002422
1019692
1023747
1008203
2024353
2009245
1007206
2001547
1002678
2015196
2025376
1043305
2024802
2003800
2027395
1041487
1025620
1043737
1010264
2015090
2015332
1018735
2003584
1010891
1047655
1025593
2040952
0000540
1001760
1044322
1016418
1012050
1012579
1019657
1001318
2040627
1040331
1043335
2002370
1025799
1025458
1041191
1028621
2045030
2043691
2001784
1020549
1025573
1041218
1002944
1002505
1010413
2014877
1006564
2040933
2009237
2004100
2025405
1002513
2025400
2008773
2005806
1044623
0001276
1045595
1007761
1044488
2004827
1019022
1043902
2031447
1000275
1003771
2007545
2024934
2040142
2001413
2005075
2041838
2002351
1044201
1032887
1016774
1040333
2043279
2032510
1009160
1001821
1047497
2006239
1004878
1046492
2044205
2030978
2023607
1001296
2005850
1042352
1004871
1018147
2023710
2044786
1007193
2001825
1007889
1018319
0000638
1043622
1047813
2007615
2015752
2003022
1040309
1040506
2000158
1002270
1012990
1007798
2007865
0001168
1017980
1006955
1025607
1010913
1047834
1017352
2032219
1031327
1013767
2041918
2042511
1045670
1018283
1001609
1046257
1044847
1034048
2007903
1032606
1031856
1026265
1017239
2023671
1032464
2030166
2040945
1025585
1047495
1045994
1040831
2025403
1018311
2004190
1020613
2003016
1025489
2040619
1033051
2006129
1040014
1009633
1025579
1017070
1024718
2005623
2004589
1006120
1031269
2041185
1046116
2008664
1043930
1011144
2024857
1041550
1012478
2044290
1025871
1018089
1000825
2002860
0000878
2044080
1045909
2044557
2028967
1045914
1044594
1044717
2032265
1010906
2031442
1010472
2043313
0000567
1046314
1008495
1023593
2004546
1026206
0001650
1041122
1029103
1010469
1025403
2027633
2004862
1001582
1009897
1019948
1002082
1008202
1008762
2003577
1041035
2000046
2012602
1011358
2043433
2041084
2015651
1044365
1040177
2015137
1025552
1024541
1032024
1045418
2000750
2000764
2004326
1017961
1017674
1033921
2025427
1015145
2041099
1041533
1026153
0000634
1041090
2012983
1008369
1043733
1040384
1006235
1007895
1043824
2044790
1008047
1005184
2031002
2032356
1042883
1011146
1044786
1024920
2032408
2030062
1009173
2023966
1015129
1044866
2008138
1001533
1012985
1041598
2014700
1041131
2040971
0001856
2007886
1001626
2042655
2008150
1043486
1003505
2030806
2004448
1005739
1016372
2005671
2041229
1025287
2005200
1004815
1018454
1012267
2014756
1025565
0000564
1001520
2004194
1028194
1040777
0000886
2003220
1041033
2008038
1005011
2003685
1015346
2031272
1005041
1047347
2004485
2021913
2001799
1031331
1034112
2007791
1010922
1041444
1013782
1014738
1041442
1007851
1000193
2003741
2000282
2040030
2007996
1034195
1041597
2015295
2031659
2030210
1032771
1009431
1010410
1044176
2033156
2031616
1010470
1024397
1008652
1007786
1025386
1040310
2002306
1005745
1026182
1044205
1032789
1041405
2032397
2033652
2002329
1017350
1047684
1007898
1034038
2007830
2042481
1041548
1004608
1005748
2005896
1015096
2040251
1045571
0000895
2007456
1024493
1002260
1024108
0000100
2044077
1031335
2043760
1045672
2008156
1005404
1007735
1009767
1033957
1046255
1006677
1016193
1041423
2001333
1024640
1032362
1047967
1047892
2043288
2002528
1034335
1004662
1032608
1044185
1009316
1007783
2016390
1032101
1005070
2044306
0000872
2040723
2005616
1003095
2033312
1007883
1009852
2007822
0001786
1017991
2028858
2002621
1043685
2004572
1000052
1012956
1009178
2043527
1008943
2025392
1004381
2005977
1012402
1047632
1025996
2007826
1009896
1034508
2002638
1031309
0001206
1045621
1004768
1031315
1016496
2002387
2003703
2008528
1026322
2008645
1015640
2032385
1003631
2041350
1015450
1018091
2014682
1026173
1015190
2015245
1040392
2043687
2000408
1024603
1006219
2041217
1047810
2003925
2002513
2008039
2001313
2041583
1047885
1006687
1000596
1017878
1046307
2044619
1017066
1041795
1033858
2008644
2015667
2003635
2042866
2009160
1031006
1023885
2002527
2017673
1044468
2004084
2002731
1008113
2031473
2034959
1019967
2044791
1012039
2004069
1023909
2043664
2003018
1012984
2043439
1042347
2020196
1017485
0000804
1047687
1032763
1025003
1001181
2004873
2032866
2001224
1040757
2006328
1041377
2002712
1018312
2029115
2004383
1025288
1042914
2005065
2002768
1024857
2044065
2020198
1024101
1041469
2041501
2001275
1019477
1025407
2028968
1001134
2007877
1011096
1029656
0000495
1041640
1003028
1016430
2041774
2020660
1001687
2007922
1007170
1019823
1030894
1010273
1008228
1017598
1007245
1001561
1023728
2032284
2024856
1007777
0001562
1044638
2008742
2032066
2016350
2016394
1044720
1008085
2023737
1018321
1016230
1041596
1043621
1041379
2043972
1045626
1028147
1013431
2004332
1041634
0001211
1000076
1001521
2040968
1018138
2025450
2040206
2004423
1033883
2041835
1006183
1008137
1031173
1010504
1007819
2044729
1032446
1004923
2044081
2002630
2004468
1044876
2024897
2023565
2028638
1040313
1013869
1044721
2024835
2040552
1025283
0000892
1032675
2007383
2008004
1001306
1041493
2029126
1033834
1044339
1044510
1012424
1009186
1029271
2002711
1031154
2000138
1021536
1032558
2006174
1025434
1018144
1010958
2008502
1023591
2003608
2004414
1040275
2003541
2040539
2005492
2002979
2025750
2025482
1019515
2022385
0001402
1009327
2002560
2032874
1012274
2003672
1040877
1004549
2003916
1008486
1018389
1004557
1012021
2024102
1033350
2040102
1041962
1020795
2002622
1044867
1000487
2003063
1006189
2004196
1008240
2001716
2005147
1010154
2015125
2009369
2031300
2003914
1026200
2033382
2015496
1033958
0001697
1029435
2005157
1024708
2025350
1002544
1024562
1010460
1044848
1041341
1031466
1017688
1026336
2031321
2041487
1001098
1009803
1000764
2026371
2028752
1047987
1005366
2043485
1022187
2003518
0001143
1045049
2003369
1047620
1026354
2040305
1018830
1025786
2026363
1001589
1047609
2003381
2005537
1023708
2005027
1044837
1010361
1008627
1040829
1040527
1008019
0000170
1043283
1042039
2002350
2001593
1000896
2001314
1042375
0000009
1000360
1041847
1017663
2000109
2032208
0001180
1002945
2040484
1002139
1017244
1007369
1045642
2004464
1014740
2031402
1011589
1041758
2002991
1024925
1000634
2023979
2005897
2044594
2009151
1004422
2041605
1046495
2041434
1041105
2031443
2000694
1014176
1016203
2041850
1008175
1023819
2030140
2041074
1018734
1008539
1033141
1007844
1007738
2004003
2015772
1017672
1024198
1031007
2003431
2041893
2025441
1043548
2034853
1009163
2001396
1023943
1029661
1042522
2033689
1047849
2016404
1033942
1002332
2003433
1043695
1017893
2002923
1007231
2041132
1010574
1010565
1008557
1032043
2026246
2003630
1029684
1016365
2002540
0001010
1026138
1026230
1024510
2016558
1010962
1043265
1008021
1000585
1016460
2030454
2033157
1026243
2002232
2001373
2005989
2003554
1025436
1018730
1007868
2033950
2002405
1011843
1016247
2001815
2002364
2026352
1044407
1032189
1007291
2004223
1001681
2004700
1043664
2031726
2026136
1012276
0001336
2008501
2025417
2014801
2005345
1008637
1013205
1000365
1004011
2040589
1024703
2043581
2033720
1008420
1033150
1018099
2000242
0001813
1009847
1005171
1044025
2025449
1001621
1019500
1032527
0000926
0001217
0000542
2003402
1015356
2009157
1040547
2014830
1008079
1015304
2007581
1007060
1031308
1010091
2044309
2041183
0000637
1041108
2006245
1005947
2043830
2015760
1043547
2044324
2028278
2026229
1015310
2044716
1001774
2043858
2032877
2008044
2006175
1010176
1045649
1008588
2043696
2005535
1025147
1006213
1002218
1034295
1003021
1040620
1004950
2032842
2043579
2004813
2003146
2041647
1002568
1018268
2005156
1019627
1016229
1041592
1046866
1012020
1008476
1008732
1032528
2042154
2044792
2043525
1002242
2030247
1042442
1003093
1004009
2008072
1033703
1017595
2040205
2031658
1031353
2001838
1021073
2043832
1011370
2001601
2026315
2003754
2004370
1034154
2003834
1001311
1043145
1029461
1041757
1015332
2003732
1010275
2041121
1023862
1001577
1008531
0001192
1003609
0000942
1032432
1042240
2026001
1034172
2004024
1025666
1032933
2015430
2044186
1043823
2004026
2045022
1009954
1008558
2003116
1033881
1040891
2024178
1018473
2015073
2040961
1012275
1012251
2031961
0000489
1010153
1030978
1007759
1011951
1010664
2034810
1044590
1043810
1032559
2007848
1005576
2024868
2043722
2008629
2040530
2004880
1010659
2033978
2002340
1045648
1024286
2005976
1020154
1003984
2003697
1003527
2002598
1002029
1044304
2003835
2041322
1010161
2015154
2008766
2003563
2041479
1045591
1043649
2004620
2033169
1018261
1003899
1042520
2002559
2026480
2004213
1045514
2041096
1041848
2041087
2042597
1032143
1044824
2041041
2031385
1024086
1045886
1023841
1041147
1025425
2000434
0000181
1001641
2041226
2040086
1017486
1031336
1002837
1009804
2041083
2008748
2004981
0001739
2003946
1031400
1013666
2001834
2001931
2043646
2003472
0000885
2009227
1017074
1008223
1004879
1034056
1045622
1034896
2042653
1002506
2025814
1003722
1018167
1018271
1001800
2003003
2004973
2001617
1007168
1020644
2024800
2032885
2025815
2004186
1001670
1018006
2024900
1043749
2015378
1043226
1002508
2030916
1007171
1025150
1019506
1011384
2002525
2015211
2003975
1025543
1013867
2026340
1032249
1040222
1010963
2006189
0001282
1020647
2009282
2007927
1001850
1019501
1009305
2033491
1044424
1026146
1031616
1007980
2015309
1019674
2032105
2015235
0000494
1047546
2033199
1008147
0001870
1012013
1033018
2005777
1040986
2007909
1042004
2015774
1008536
1023744
2002637
1033048
1041253
2040367
2008607
2043793
2003580
2003526
2045023
2043692
1044273
2040730
1006843
2000167
1041535
1025022
1008506
1011366
1032731
1043870
2033807
2004175
2026368
2008606
2004961
0000157
1008537
0001651
2002266
2008017
1027580
1029430
1011868
2005555
1044539
2007879
2001705
1041803
2044207
1042862
1008594
1019466
1025471
1041822
1009189
1032135
1040406
2034284
2002466
2002608
1026349
1042440
1025190
1008179
2002562
2030066
2002675
2030797
2004219
2023946
1026077
1040370
1032493
1013423
2005047
1025521
2041680
1034117
2004082
1016195
1031196
2006246
2040595
2043817
1009812
1041116
2008971
0000760
1047732
0001176
1025622
1016373
1020142
1008760
1032065
2025422
1008941
1041465
1034076
2031838
1019815
1047544
1008014
1032609
2033708
2007389
1040628
2005207
1013762
1001674
2007476
1007814
1032110
2000366
0001215
1032547
1030995
1031329
2025458
0001761
2000761
2015639
2024796
1017246
1045586
1047723
1001147
2000328
2026149
1025842
2044064
2021940
0001374
2043764
1018745
2031518
1007151
1047926
2001231
1026474
2000234
1033193
1042301
1001579
1001184
0000247
2008220
2008593
2001277
2001286
2045100
2044191
1040633
2032580
2016410
2032834
1043728
1002279
1006749
1008116
1019955
2032512
2044660
1017931
1012111
1004905
1017892
1001309
1046025
1025112
2042475
0000183
2004269
1013195
2003949
1017887
1015204
1043646
2001875
1017954
2000437
2007773
1017969
2034695
1010639
2007933
2004341
2012603
0001589
2031988
0001606
1024806
2043689
2040960
2015392
1011871
1005593
2034597
2012997
1010538
1042143
2001345
2000562
2026374
2007784
1008669
1031347
1040265
2001451
1010981
1001844
2004864
1019641
1003134
1019911
1007025
1042243
1032508
1024494
2007923
1041406
1045029
2015155
1034192
2005915
2015891
2042812
1008515
1025583
1017597
0001335
1045446
1000213
1045829
2000179
1025435
2017711
2043314
2007913
1044830
1046389
1020138
2040543
1025588
2004474
1043628
2034098
1019978
1040017
2004087
1025990
1010269
1004551
1001835
0000764
2008651
2044040
1021421
1001135
2005053
1045875
1004984
1008122
2041149
2044606
1017666
2005545
2031975
1009813
2004633
2032518
2004517
1019944
1013784
1009433
2007775
1023903
2003248
1001317
2043626
1040022
2044217
1020144
1040184
1044308
1025595
1018153
2043694
1044639
2031446
1020157
0001827
1013194
1007880
1009319
1017582
1001624
1047853
1041352
1047682
1023992
2023950
2024095
1008220
1020467
1025676
2040941
0001356
2007896
2025415
1013690
1018090
2043835
2040881
1002392
2040935
2007874
1044715
0000896
2008041
2009142
1033026
2008650
1025183
1042509
2016320
2007815
2009294
1005702
1040991
2002830
2032286
2033940
2024902
1031862
2032498
1010520
1030994
2008035
1044195
1018015
1009883
1032471
1043954
2000497
1040581
1047535
1025611
1044118
1044511
2004094
2026452
1015205
0001202
1044283
2009226
2009154
2001594
2007408
1009773
2041255
1013335
1004253
1009665
2004235
2004439
0000197
1025587
2023554
1034114
1008516
0001904
1007996
1041429
2009229
2041019
1010536
2002171
2000561
1041440
2004892
2007601
0000783
2002265
1008653
2032038
1010424
2044301
2042496
1046901
2040141
1004907
1044152
1004865
1010165
1040163
1008530
2003023
1004561
1004366
2044446
1001638
1002956
1005177
1003494
2001317
1012481
0001080
1000307
1007243
1008109
1032630
1044198
1029094
1007177
1020140
1013771
2002510
1044582
1023608
1000395
2002011
2043803
2004122
1011968
2004467
1007926
2033954
2043063
1008628
1008487
1045523
1045612
2041213
2032060
1034457
1009840
2005929
1015347
2007577
2032237
1032138
1002136
2015666
2025413
1024875
1020227
0000397
2043746
1007802
2003215
1018031
1012581
2004205
1040074
2005779
2004469
1000181
1010523
1041098
1011757
2043992
1031351
1013016
1005579
1033674
2033965
2006303
2024056
2009314
2003817
2001114
1001802
2004102
2008490
1004854
1007248
1023592
2041130
1003191
0000138
0001529
2009242
1040885
2043761
2043549
1031978
1008634
1003896
1025548
0001557
2004151
1024157
1008189
1044748
1002518
2025396
1043481
1044815
1018393
1034282
2041656
2001089
1009783
2008087
2043843
1009952
1018276
2042356
2042000
1013025
1008501
2041081
1043926
1024702
1043976
1021433
1013362
1024818
1042507
2001309
2002691
2032387
1025457
1031565
2004189
1007860
1045637
1043471
2005588
1007886
2004890
1001338
1033053
1013190
1001574
2042240
1044602
1025669
2007599
1022254
1042527
1008138
2003138
0001234
0000763
2040066
1018392
1012019
2005463
1024526
0000810
0001755
1000538
1044425
1016465
1007921
1010267
2005244
2041655
1020229
1001295
1033864
1002811
1008676
2002253
2003000
1003769
2009228
0000444
1017583
1018050
1001513
2033960
2044651
2027647
1008385
2003622
2005493
1043687
1004956
2024810
1016362
2034099
0001544
0000676
2029456
1032233
1017891
1005600
2041316
2015890
1012427
2002783
1008568
2002732
1011483
0002027
1004924
0001624
2000409
1045618
2042032
1018387
1007881
1017581
1011479
1011966
1041470
1040605
1024584
2015213
1005923
2023598
2000339
2022600
1004490
2004949
1023948
1009843
1017716
1016625
1012511
2042222
1025596
1034155
0001699
2007414
2015770
2008488
2009156
1001623
2033198
2001242
2004626
2043831
2033214
2031255
1001787
2008057
1017726
2041659
2024060
1018258
0000994
1040770
1001585
2042234
1026115
2032359
2015748
2024100
2006244
2015501
2031924
1044880
2005981
2024009
2041320
2040139
2025454
0000856
1001315
1031126
1032623
1013774
1046027
2033089
1024681
2042628
1041546
1005545
1002046
2003470
1008596
2040316
1024518
2000763
2040541
1024279
2033966
1009835
1025600
1006844
2043723
1019527
2041919
1008326
1025412
1008106
1024516
1042325
2000977
1041166
0001914
2041207
2031137
2032672
1024853
2041830
2015494
2001082
1018455
1041072
2017686
2041094
1006004
1032004
1042373
1010088
0001108
1008197
1033941
1041642
1031461
1046382
1046103
2015159
2032220
1011094
1011870
2005395
1006170
2000574
1034088
2042917
1019632
2007570
2014822
2014702
2040224
1024165
1041120
1043732
1042112
2003546
0000483
1021155
1047805
1009889
2002700
1010379
2031384
1018163
2032240
1041946
1006842
1008850
0000132
1002943
2004701
1005199
1031198
2001671
1024761
1041082
1041167
2044479
2000539
2043701
2004142
2009146
1043058
2002070
1025825
2004905
1023935
0000965
2004821
1012955
2023699
1010358
1017964
1005349
1002911
1024029
1043934
1032098
1042525
1007200
1046587
1020503
1033110
2003441
1008399
1042613
1017883
1002106
1046305
1004429
2024177
1005341
1011484
2032451
1040977
1008667
2002453
1044320
1012257
2004642
2003409
1006649
2043654
1007254
1008174
1012246
1009311
1007982
1006338
2040103
0001195
1018500
2000758
2008070
1003664
1018746
2005778
1040932
2016392
2031159
1024573
2027389
2031923
1008677
1046899
0000980
1032178
1041516
2005233
1031340
1002290
2000157
2001901
2015373
2024053
1040231
2003870
2040518
1025618
2023864
1029680
1012132
1010568
1045604
1044214
1009183
1009845
1009312
2005768
1018726
2003892
1005915
1013781
1044181
1043727
1018012
2040517
1034159
1025619
1012993
1045838
2020659
2042003
1012549
1007874
2032256
2004129
2023907
2033832
2016318
1000184
1026640
2045094
1031645
1025383
2005137
2001238
2001010
1025460
2015296
2024859
1033564
1010311
1018263
1040462
1010561
1017236
2005881
2002362
2026034
2025748
2041999
1010363
1011161
1043677
1003884
1040122
2043176
1017616
1033956
2041148
2044713
2005861
1004992
2004568
1019631
1007567
1020454
1032728
2030110
1041252
1044046
1025296
1025171
0001634
1044464
2023849
1026241
1040161
2024234
1041016
1040965
1040851
2000363
2043632
1040905
1006226
2001170
1005747
2002808
2004263
1017994
1007198
2004384
1008529
1024913
2043441
2025307
2001230
2025420
1017691
2015079
2002092
2017709
2044649
1045686
1040937
2001056
1016617
1023990
2041820
0000931
2002389
2003865
2009161
2040954
1009313
1034204
1013024
1008685
2008003
1023998
1001615
1029419
2034526
2005401
1046178
2041223
1041238
1019472
1009326
2003406
1001608
1001225
2041878
1024075
1041438
2005022
2003069
0001314
1040281
2041158
2031926
2003512
1008123
2000269
2041471
1046388
1047983
1007195
2026327
2003493
2004913
1004761
1043970
2032644
1017932
2040520
1025678
2000796
1005189
1017965
1005002
2001372
1009408
1025572
1043708
2002728
2030169
1001293
2001599
1000604
1005205
1042439
2041147
2000600
2007910
1010272
2043228
1033984
2024906
1041478
1004336
1017247
1019462
1007773
1009946
1015307
2001407
2043373
1029665
1021942
1013870
1032179
1010534
1040094
1013840
2040714
2044721
1046175
2008827
2001830
1009306
1010567
1025515
1044456
1017966
2000333
2031868
1028599
2003726
2002071
1047787
1010092
1045052
0000979
1009944
2042870
1041965
2043178
1005046
1046944
1010159
1011858
1007981
1010270
1031239
2031200
1018117
2023915
1024962
1012263
1041045
2032717
2004586
2005985
2033074
2043964
1014179
1024870
2022386
2044279
1046594
1045687
2006438
2005485
2004614
1025094
1011845
2003374
1024192
1013240
1020790
1044723
1001540
1000649
1041855
1029280
1034290
2041232
2043987
1047584
1044541
2041422
2002807
1001335
2009414
2041358
1016778
1042887
2040531
2006308
2040499
1013369
1016504
2002396
1040778
1032214
1018010
1044193
1029646
2043526
2034028
1020621
0001395
1008221
2040273
2003342
2032723
2003787
1047703
1000318
1009786
1018320
1007146
2031858
1011869
2003961
2041015
1023383
1018002
1040239
2025328
1000927
0001956
2003393
1023603
1016225
2015497
2033964
2003377
1044886
1018281
1007796
1008556
2043231
0001078
2017669
0001512
1031717
2031457
2008769
1029412
2032215
2015510
2044711
1032551
1041205
1025408
1026189
1010478
1044194
2041182
1044340
2026450
2002614
1015192
2033298
1000598
1017657
1043609
2004454
2003337
2007440
1008597
2040934
2008479
1031380
1044542
2041632
1009848
1031684
1028745
2044206
1047654
1024858
1017722
2025414
1013434
1041641
2002722
2003205
2001191
2014723
2009139
2005410
2017694
1032204
1002243
2001609
2000544
1031189
1029573
1041040
0001477
1034055
1026076
2024338
0001531
2015764
2006284
1011158
1043686
1013191
2025810
2002360
1047846
2004972
2003468
1022069
1007885
1000748
2005817
2043312
2029119
1040546
1047629
0001643
2015214
2001382
1009856
2028750
1002601
1041132
2025455
2004486
1043974
1008569
2008639
1044206
1025126
1024835
1000574
2002629
1044281
2034712
2031415
2007787
2017787
2032053
1017679
2003970
2004236
1009174
1026339
2044208
2005610
2031241
2041013
1005297
1010423
2031183
1025095
2041018
1026198
1041206
1025444
1032354
2000785
1000407
1041042
2031597
1010553
1033884
1013780
2014696
1008913
2005007
1017996
1008657
1005013
1018279
1033931
1019476
1024610
1005259
2001548
2003976
2004758
2033213
1024915
2001619
2001567
1008117
2044410
2014804
1008334
1012987
1041675
2029590
1047844
2003306
2043530
2043806
1043478
2003390
2033683
2029131
1032450
2004955
1043656
1009930
1023385
2004876
1024727
2003260
1027649
2004016
1008750
1043957
1026202
1026321
1012042
1029459
1002219
2041092
2002829
2044322
2043704
1025021
1005597
2002887
2022543
2044285
2007382
1009282
1004594
0000069
2006171
2032875
2001040
2026381
2031631
2002333
2014732
2044209
2033687
1025441
2003488
1033011
2044605
2024860
2007551
0000929
2008631
2044511
1043668
2042839
1031417
0001302
2004512
2024243
2031367
0001198
1040929
2025406
2003966
2026151
2014687
1047874
1025518
1000638
2025448
1008654
1025541
1043690
2000853
1011605
1005725
1024100
1019676
1002088
1040635
1012988
1040176
2008071
1016619
1034468
1042374
1032242
1043912
2005209
2001620
2002759
1046894
2022052
1031407
1009953
2020674
1007791
1008846
2002255
2031741
1008088
2032840
2002566
2001202
2032365
1044154
2015203
2041045
1000595
2020657
1008148
2009281
2044875
1023610
2032645
1040119
2002285
1032164
2000277
1044212
2029620
2033860
2033775
1012272
2004957
1017979
1020523
2003132
1018149
2009180
1024539
2033160
1018151
1034189
1013748
1016375
1041485
1032351
2025364
2003398
2032301
1001308
2000765
2044277
1029270
1040230
1032719
2041660
1000258
2018443
1043623
1007929
1004039
1019643
1012430
2031607
1009969
1011955
1008225
1043655
1017403
2017683
1026201
2012980
1013172
1040740
1008155
1031435
2001635
2000973
1025604
2002610
2031306
1017664
1017870
1008518
2018538
2026320
1010548
2041849
2003249
1025123
1000675
1025621
2032731
1031575
1011374
1041832
1017982
2015434
1001782
1017861
1022145
1008555
1025789
1008625
1043725
1031875
2016477
2007799
2028149
1001558
2041652
2002191
2043725
1025554
2044170
2015773
1034202
2044365
1047344
2023962
2033938
1025384
1008143
1031882
1043920
2014701
2015256
2032924
1040950
1004555
1033569
2034738
2044723
1016396
2044714
1047850
2041772
1001751
1033054
1041006
1043680
1032343
2041852
1025469
1047605
2008032
1013569
1047824
1017863
2034281
1029666
1025144
1002680
1044110
2003886
2015777
1044895
1020161
2032314
2004333
2031458
1018095
1032788
1019021
0001804
2030994
0001342
1012250
1016499
2041643
1033952
2001207
2006173
0001305
2024008
2033301
1009254
2002671
1042878
1031945
2034185
1005802
2001932
1045872
1022252
2044478
2004932
0001841
1010483
2024064
2031821
2004906
1026048
2001081
1023947
1040238
2041587
2005190
1005191
2031544
1032451
1045639
1007784
2043783
2032290
1034922
2015150
0000852
2001303
1040938
2023981
2031542
1016772
2034187
2017651
2028909
1017348
2042127
2003162
1005044
2041011
1025047
1001640
1031643
2040547
2031392
2014728
2003950
1024504
1041481
2029650
0001375
1018085
2043781
2004157
1009998
2015493
2033778
1029260
1017697
1002649
0000001
2001608
2004490
1015459
1034162
2000278
1008727
2044007
1007024
1023749
1040153
2040027
1010028
1045691
1019826
2000168
1000399
2005893
1009951
1010283
2016481
2032407
2002990
1025571
2003882
1044884
2016398
1033946
2002467
2000362
2025348
1002072
2041832
2004400
1011282
2005155
0001285
2042211
2001315
2041095
2000410
1024503
1000171
1018024
2000527
0001380
1002027
1041590
1017948
1031145
2001965
2015768
2001223
0000805
1040409
2031660
1017695
1041044
1009959
2031305
1042865
1034196
1002514
1040274
2041228
1005053
2003161
2032383
2004422
1044422
1000733
2004553
1045027
2003051
1026199
1025078
1025465
1043589
1044279
2043766
1015122
1042907
1034072
2043969
1000016
1016204
1041899
1009569
2006259
2001631
1041854
2008060
2012581
2041107
1010263
2005867
1015275
1016235
0001020
1005068
2007901
1046749
2004850
1008153
1047705
1044725
2040519
1025074
1010535
1025373
1044798
1020139
0001625
2006242
2003309
1029437
2004211
1033669
2025460
2001632
2003730
1024981
2026338
1046298
2000113
2014730
2003831
2008221
2031609
1040606
1006243
2015894
2003542
2033609
2002460
1044793
1003108
1001696
1023901
1002191
1045448
1002244
1045762
1023886
2042483
2004015
2004408
2024869
2000854
1047528
2007812
1026072
2009225
1001541
1004892
0000737
2041376
1005568
1031468
1001129
2045032
1001260
1012636
1032625
2015163
2031480
1009811
2034078
2005594
2023951
2007501
2015093
1047534
1000480
1040019
1032181
0001861
1045573
2004997
1001512
2004171
2034753
2025393
2031477
1007173
1016202
2000189
1044182
1005131
2015769
2004808
2034928
1013755
2004099
1043807
2003517
1032589
2042156
2001715
2023622
1001677
1043760
1000182
2004111
1007769
1031326
2017793
1040395
1043140
1044833
1018133
1031226
2003061
1024513
1018820
2015089
1000905
1023912
1033949
1016775
2044609
1031839
1013773
2033980
1046181
2004362
2004980
2015756
0001810
1013678
1041488
1047741
2024894
1029669
2005609
1020655
1021419
2030084
2005891
1006892
2041360
1043987
1001172
1009320
2003150
2025384
1041769
2023866
2023696
2044320
1026638
2003276
2003186
1006845
1044851
2003937
2003382
2044193
1020143
2042417
1012594
2004021
2024501
2044189
2023918
2032888
2033680
1041576
2000739
1017941
1041856
2007869
1026127
1025613
1025547
1004867
2003693
1000997
2034820
1043731
1032256
1025118
2000128
1023380
1032752
0000873
0001863
2002103
2041497
1043936
2031419
1047545
1019469
1042479
2001788
1032580
2004429
1005580
1032167
2033052
1000190
1032454
2007885
1043835
2001814
1001789
0000833
2007780
1025117
1025378
1046292
1008741
2030246
2030807
2004493
2032242
1026413
1002256
1017907
2002284
1044846
1007765
1031160
2001672
1042041
2004419
1043839
1009966
1032510
2003962
1017240
2001232
2007604
1016760
1008157
2006192
2008596
1011969
1025077
2044075
1006214
1019023
2000546
2007797
1042517
1020733
1034141
1025114
1040227
1012260
1013751
1040121
1009275
1044509
2033219
2004430
1010090
1044632
2017671
2003681
1007859
2002910
1041398
2003235
2002616
1006339
1045978
2005620
1041411
1008037
1045634
1040115
1002841
1012046
1032499
1007818
1032226
2024193
0001683
2041318
1032762
2004183
1004982
1043809
1025561
1047666
1043800
2015267
1001591
1000393
2040225
1004144
2044194
1015759
1043804
2040371
2031712
2042811
2004907
1025108
1033167
2009293
1026832
2017715
1043989
2015312
1001210
2008602
1017667
1000532
1021534
1012130
2002293
2002987
2003269
1018106
1006244
1015142
2032207
2009313
2015499
1043595
2001805
2005983
1044806
0001769
2043762
2026244
2005048
1008616
1031128
2005462
2009184
2003552
1033085
2007906
2033532
2004475
2024110
1000247
2002479
2003209
2044799
1012217
2041428
2004245
2016187
2004537
0001229
2009186
2004238
2003124
2041112
2008970
2031391
1033954
1007021
1047560
1031266
2025433
2026035
1040464
1010347
2030384
0000739
1015413
2001399
1013839
1016228
2031917
0000639
1046624
1013770
2008623
2015052
2041725
1020649
1010170
1018475
2027635
1043766
1034498
2041486
1043477
2024340
2040373
2002504
1018166
2004646
1029575
1010465
1044294
2008489
2003513
1009967
1017910
2005728
2025333
2040487
2029576
1009328
1042913
2032663
2017678
2015212
1040272
2040622
2042001
1009240
1032074
1005129
2023999
2009187
2034917
2009366
2024930
1042230
0000541
2003268
1041235
1042432
2029177
1041107
1007842
1017347
2004076
2008487
1008120
1044620
1031146
1047706
1044724
2025446
2024901
1031909
2004118
1004404
1000095
1047738
2044308
1012599
2045028
1011165
1045635
1005687
2031642
1008173
1046390
1018160
1005003
2008772
1023552
2003704
2001911
1007065
1008626
2001039
1024958
0001682
1045438
1047548
1025374
2031482
1041130
1041519
2001518
1034057
1042152
1005863
2044611
2001196
1044801
2007814
1032592
1032846
2002414
2042227
1017873
2000678
1008659
1024575
1021410
2004739
2033138
2041836
2043580
1007899
1017937
2032624
2001661
1020146
2002633
1041648
2000795
2018441
2004732
2003813
2043634
1031375
1031167
2007782
2042513
1041106
1025691
0001857
1032636
1018264
1008942
1007782
1044526
1032356
1040266
1004291
0000823
1017885
2000514
1040468
0000990
1034041
1031510
1040304
2006130
1016521
2004996
1034045
1033203
2040173
0000512
1010284
1044844
2045049
1025616
1008592
1018140
1010539
1001575
2004960
2007912
2012611
1017721
1018155
2007882
1018162
2007889
2043798
2004712
2004169
0001783
1010289
1034050
0001403
2027414
1018003
1032251
2004179
2028874
1000237
1001304
1034058
1040118
0000057
1000129
2041093
2008059
2002664
2005818
2034186
1044416
1047585
1000906
1043682
1032560
2002207
1045625
1008345
1032360
2031774
2033853
2032144
2025334
2002639
1004405
1009859
1044818
1031009
0001722
1008092
1012037
2030380
2001912
2040156
2044722
2003140
1003432
2009302
1031159
1006039
2006080
1041766
1018130
1023881
1001878
2008503
1021401
2003553
0000906
2006261
0001167
2041106
2032472
1041729
2024103
2015504
1017405
2044694
1032409
2002101
2041239
2003789
1025149
1041439
1046150
2023576
2032394
1043753
1044341
1007181
1002790
2008749
1034136
1003770
1043634
1018007
1042385
0001864
2041615
1043511
1040162
2041036
1032162
1026196
1044174
1007940
1040028
2008665
1006826
1044714
1009807
2004165
1013209
2002121
1019745
1047345
1007865
2042433
2007769
1003889
2003843
1008100
1010502
2003019
1017967
0001782
1046610
2002426
1032180
2008634
2014787
1020791
1025463
1008844
2034102
2034465
2001194
1017912
1046173
0000330
1011357
1017655
0001199
2004088
1043497
1026070
2008738
1040034
1000606
1025488
1020743
1040263
2015661
1025097
1040881
1045611
1029178
1017483
2009230
2023923
0001584
1040093
1008635
2000043
2040582
1047493
2023989
1044040
1010075
2007792
2001558
2004982
2012450
2024106
1040471
1025414
2022049
1042813
2030455
1017949
2042197
1018451
2040059
1027155
2003609
1008545
2044428
2041721
2001698
1041114
1016196
1041528
2044318
0000866
1024289
1032568
1006038
2044274
1017999
1006838
1040486
1017953
2001757
1002510
2000232
1018476
1020650
2001900
1040029
1047513
1031994
1041099
2013001
2033032
1033015
1040270
1008130
1045987
1012598
1041397
2005052
2031182
1033043
1001928
2044420
1016194
1008158
1031640
2043860
1045668
1008164
1013664
1040624
2002976
2043277
1003670
1025404
1017928
1022026
0001706
1005997
1011148
2032037
1042254
2001086
1031419
1005570
1042003
1044800
1041437
2029168
1005572
1001075
1018262
2043914
1029445
1044396
1024582
1045019
2040889
2001336
1031240
1000358
2009140
1006236
0000241
1005598
2001295
2043990
1003968
0000802
1025563
2043239
2031186
1043776
1047791
2043867
2041658
1026021
1006128
1024501
1010491
1045643
2022508
1045698
1024892
1031426
2043861
2023926
1044794
2032031
1009166
1043742
2004112
2016364
1009964
1047811
1002342
0001317
2042431
1023586
1005169
2022256
1025794
2000548
2044477
1019633
2030781
1024896
1025091
1041034
1018733
1008107
1002822
1000220
2017661
1002516
1043482
1008115
2032139
2015321
2041649
1025575
1001211
0001597
1020526
1041037
1018395
2015502
1044191
2018458
2041829
1002009
1002241
1040571
1033221
0000709
2024849
2003583
1045688
2034523
2026362
2044295
2034847
2004891
1008517
2003396
1005180
0000751
1001894
2023980
1008752
1008187
1015162
1018274
1025385
1023815
1009890
2043862
1010171
2032396
2024908
1001797
2004466
1006840
2008505
1042521
1025564
2033078
1032622
1003852
2040190
1001564
1009834
1031542
1025470
2033099
1016767
1042472
2041961
1007864
1032149
1008633
1018136
2003939
2032366
2004162
2041396
1020562
1009968
2028170
1020518
1040963
1003464
2032348
1017911
2025434
1018506
2015759
1018049
2005809
2004185
1013199
2029427
1023987
1017344
2041606
2044512
1008132
1007915
1025037
2015390
0000558
2003682
1040914
2043150
1034143
1023946
2044405
1003626
1031312
1008662
1009238
2043809
2001963
2026339
1017880
2024062
2032474
2003035
2033963
1044305
1002289
1009882
1032717
1041094
1015362
1016758
2041049
2022152
0001197
2000176
0000680
2003756
1007942
2003739
2041165
2040621
1031522
1009434
1016464
1013218
2005868
1042241
2009174
2009233
1009929
1024864
2004894
1007853
1045693
2002550
1045769
1008159
2032131
2007617
2024898
1007232
1012428
1008484
1017927
1000990
1017700
1024179
2031299
1044719
1007905
1024571
2043503
2041164
1016510
1040853
2005851
1020326
1006839
2043800
1015111
1043242
1032430
2008638
1008091
2004128
1041165
2040951
2023987
1007935
1044342
1008631
0001709
1004981
1045644
1017769
2014781
1024010
2009244
1001020
2024864
2001573
2034835
1041824
1018453
1043067
2031414
1043501
1026190
1000067
1012268
1032241
1033186
2026748
2005212
1025559
1025692
1009666
2003497
1018816
2041253
2007861
1007794
1012209
2017660
1033969
2024097
2040239
2008065
1047555
2041059
1043531
1005179
2012625
1041765
2003825
2031185
1002121
1020504
2029280
1007244
2004275
1009167
2031198
2002674
2002276
1006696
1040979
1046674
2007881
1024067
1042224
1004999
2044445
0001204
1032500
1019946
1044173
1018508
0001278
1007774
2008494
2029151
1046905
1047742
2024046
1033945
2031484
2003172
1029443
2025437
2016480
0001381
1025528
1026642
2020679
1008485
1009436
2045048
1011953
1032515
1014729
1015104
2006307
2031599
2009155
2020673
1031553
1002682
1019956
2003243
0000129
1009831
1017589
0000688
2040085
1041794
2015049
2004200
1032570
1041600
1031501
1000867
1005122
2002810
1040018
1044401
2028329
1024723
2018534
2007602
1008033
2001335
2044717
1033012
1024511
1007064
2000818
2031740
1032456
1032177
1043969
1034160
0000431
2000140
2004298
2025438
1041831
0001169
1016770
1044807
1034146
2000329
2031195
1012978
1033204
1041113
1024354
2002631
2002120
1026181
1005548
1025792
2032701
1000021
2008687
1008342
1002272
1018275
1018458
1017596
1012991
2001304
1005595
2001251
1001380
1043757
2007541
1010295
2004201
2001469
1042387
2003920
2044005
2043278
2031708
1045400
1041127
1040989
1025963
1010464
1018016
2002824
1009241
2002037
2040021
2008612
1026176
1026483
1013020
1047744
2008635
2015433
2004914
1009182
1044495
2017666
1041971
2009166
1017939
1011880
2034529
1011481
1005565
1013754
1010569
2006135
2023977
2002850
2002795
1011365
2009291
1017725
2033995
2026000
2004230
1000695
1005343
1013760
1016763
1031467
2043650
1043812
2017687
1005532
1042222
2001470
2001043
1004870
2001285
1017660
2031630
2003482
2001140
2016401
2003118
1008791
1007817
2005409
2005895
2008627
1018316
1040181
1041111
1001906
1034077
1026135
2041768
2041202
1033023
1041635
1046631
0001781
2005426
2004491
1013769
1031434
1033863
1002578
2008595
1032255
2024038
2016358
2002612
1032227
2032257
2004859
1000608
2045062
0001226
2003048
1008816
1001820
1008032
2041825
2006337
1001587
2029133
1042445
1043802
2024795
1008767
1047795
2042951
1041657
1011361
1032408
1047749
1025291
1006340
2009235
2042605
2033167
2040284
1041051
1043848
2043751
1024921
2015265
2015755
2002238
1026521
1005009
1002570
2005945
1002140
2040583
2009181
1040517
1031141
1008208
2003025
1012456
2021912
2034846
1009801
1025828
1006851
2002263
1010563
1034059
1019521
1020563
1015361
2015204
1000602
1013779
1043741
1020653
1041041
1032654
1019629
1009955
1012240
1004740
1015722
2024938
2014734
1026125
2001699
2008476
2033993
1009317
1041049
1013014
1031262
2015665
2015391
2003942
2000506
2032724
1044732
1041656
1033118
0000695
1022149
1047815
2041012
1047842
1009177
2041841
1026180
2017655
1004304
1046174
1043669
2040065
2007843
2041677
1010293
1043070
1017677
1016455
1000830
1031648
1001931
1002761
1045797
1010555
1007788
2030367
2025880
2005081
2015220
2004794
1045675
2001645
2008750
1043442
2001930
1025125
1013395
2001742
1044398
1025093
2002607
1007997
2043971
2025338
2040660
1018457
0000149
1025120
1005026
2007794
2005611
2040963
2033162
2045013
2008633
2004206
1047743
1013424
2033220
2004120
1012270
1006647
2002337
1007919
1021933
2006193
2019551
1044458
1005943
1044808
2000831
1044614
1019945
1024712
2041070
2017695
2003828
1044747
1041677
1040982
1010532
1024537
1033880
1040372
2012499
2041641
1025551
1005170
2009315
1008758
2008600
2008582
1044395
1024517
1025448
1031460
1043657
1040964
2031541
1021080
0000471
1017075
2041488
1044795
1001893
0002077
1015461
1017952
2001872
1044284
2006172
2004262
2014821
1010533
0001717
1040570
2028169
0001766
1040186
2002523
1005178
1008077
1040223
1040317
2042444
1044905
2024834
1040629
1016214
2002856
2018456
1024731
2003969
2044597
2015243
1047533
2006170
1007062
2006138
2041857
2016402
1009789
2009148
2024826
1007063
1008076
1024794
2001885
2003419
1012239
2015492
1042355
2006240
2044641
2002252
2008681
1001173
1000637
1010965
2043810
2021859
2004869
2043372
1001927
2000104
2031317
1010384
1029302
1007855
1001337
1030891
2007849
1008020
2031211
2030060
2002799
2041534
1017929
1017992
1042477
1046374
1040774
1046176
2003915
1025602
2004442
0001667
2007919
2044185
1018819
1007067
1009185
2020322
2001637
1045647
0001569
1013868
1013618
1026516
2007900
2003122
1031247
1025167
2032228
1043861
1043670
1009988
2003530
2024108
1026885
1020561
2043287
2007845
2032170
2030192
1011385
1032252
0001002
1012512
2002563
1006232
1001843
1032676
2001938
2000737
1043485
1017934
2002264
2003460
1023849
1021079
2000607
0001149
1005592
1029444
0001758
1031345
2034466
1033900
2008061
1043955
1009836
1044186
1040987
2017716
2042596
2001354
2028524
2015124
2007564
2003098
1025608
2032479
2009280
2005581
1032637
2032202
2004244
1044910
1009924
0001147
1040980
1016527
1044213
1024894
1009855
1032156
1018094
2030274
1042869
2028523
1016773
1008789
1013398
1004364
1005043
2041219
1047818
1045431
2032513
2003145
1008600
1024914
2001816
1023949
1032134
1032064
1031953
1041102
1047665
0000640
1046445
1020306
1045913
1044496
2031718
1026197
0001377
1012709
1009849
1040357
2001205
1008679
1043324
1043836
1010278
2004563
2003586
2040300
0001164
1008207
2029049
1045615
1010014
2015503
1031211
1047845
1000017
1031352
1025187
2003585
1043736
1002594
1017073
2000345
1040147
2009413
0001419
1008195
2000112
1034169
1024982
2026465
1025160
1009830
1042110
1015134
2013014
1024860
2003821
1023823
1029624
2002581
1025520
2043724
1001096
1031942
1013397
2015893
1007933
1011824
1010463
1011854
1018474
1025605
0001193
1007238
1012589
1009963
2004754
1010474
1018741
2007776
1041904
0001862
1041751
1000515
1009980
2044292
1008492
1043049
1023715
1042884
1021236
2040067
0000689
1044911
1004301
0001514
1003065
1013747
2007503
2032704
1007877
1043806
1024808
2002099
1004433
1001581
1018470
1017241
1026643
1000603
1015048
1010543
1018134
2002393
1001332
1031093
1041540
1040452
1047580
2042155
1041459
1007806
1047748
2043836
2002693
1041601
0000839
1032140
1024600
1016779
2025725
1020560
1017890
0001213
2007918
2015169
1041645
1032851
2016478
2025430
1001166
2041879
1000578
1018815
2045015
1017915
1017977
1008180
2009168
2042953
2007758
0001840
2044291
1040225
1047562
0000863
1040335
2032096
1015420
2007637
2041651
1017718
1001639
2008098
2009287
2021843
1000412
2007438
1045399
1012405
2002994
2026369
1011952
2007410
1044276
2008763
2031972
1013866
2005001
1031418
2029172
2041117
1018097
2016365
1018034
2045046
1016495
1033860
1019976
2006136
2020284
2025883
1006112
2043967
1042258
1009938
1017871
1026368
1040608
2015200
1009314
1015720
2000905
1040496
1000306
0001812
2025416
2008493
1010579
2007777
1002010
1017919
1000080
1019474
2003052
2004125
2031949
1044816
2029132
2017670
1047943
2025452
2001385
1044836
1020151
1018499
2017685
1043091
1010595
1008593
1031381
1032457
1045028
1019467
1007914
2025459
1045690
1043759
2003404
2034923
1043269
1001684
2014699
1002946
1043698
1047724
1025468
1006190
2024845
2032386
2044565
1009914
2004218
1015194
1034198
1004970
1003920
1040010
2044816
1040277
2034680
1011132
1015781
2007379
1029649
1040566
1034157
2042212
2042005
2004042
1001578
2041769
2008218
2031108
1002676
2000395
2003812
2044282
2040368
2031134
1041187
1023748
1012034
1017888
2031656
1024261
1027754
2041828
1029664
2007783
2000986
0000148
0001608
2044199
1016361
2002251
2005840
2025453
2003967
1007917
2001604
1004886
1017881
1008185
1006238
2002552
1041486
2000976
1029583
1024180
1008498
1021476
2008649
2008608
2009412
1011090
1009187
1031404
1009927
2026133
1032466
2015240
2032145
2005223
2001453
2040540
2043476
1017889
2003123
2040072
1010570
1041123
1008015
1004957
1033887
1034328
1019529
1000036
1018277
2012624
0000762
1031498
1042348
1005550
2003928
2001778
1031348
2001534
2001276
2002623
2024853
1046312
1043697
2000369
1025560
1011855
2044178
1044842
2041236
2001797
1001826
1025186
1040276
1034190
1025601
1006113
2007930
0001212
2001758
2026033
1033008
1001680
2041891
1040978
1008110
1018267
2042366
2005136
1041018
1001584
2032193
2008587
1017080
1010302
1012498
2005505
1007159
1024011
2023713
2004382
2043939
1032352
2043842
1015138
2015164
1033562
1007760
1041849
2001976
1023923
1032243
1025577
2006086
2032611
1014732
1047802
1040299
2004908
1034105
2034123
1025400
2001756
2040369
1002531
2001782
1032635
1017689
2031870
2041066
1018359
1019499
2006374
1026258
2007608
1020654
2002632
1004942
0000927
2031177
2034286
1005069
2004421
2032886
2001581
1047786
1018478
2016359
2006196
2031723
2015127
2003799
1008546
1013574
2015110
1008755
2006063
2030191
2041496
2034472
1013764
2008588
2014797
2043484
2043050
0000172
1044525
1046117
2040596
1008416
2041061
2041068
2043295
2001148
1046276
2002334
2006126
1003846
1042503
1009188
0001079
1007804
0001951
2009152
1016503
2032878
1044883
1011377
2032707
1015136
2004877
1017248
2021854
1017345
1008490
1017869
1043832
1031708
1000892
1009805
1046434
1033376
0001242
2025332
2041538
2044062
0001307
1010089
1040724
2005029
0000579
1023028
2003965
2002993
2015153
2023660
1043175
1033882
1008191
2025442
1000207
2041671
1040968
1009979
2032234
2005042
1043660
2026148
1009898
1025019
2006230
2030200
2032665
2032229
1045689
1044475
2004924
2008033
1043699
1034193
1003877
1025449
1016777
2041824
1029574
1041554
1017072
2004354
1032194
2018455
2002930
1032803
1018132
1042434
1005564
2031635
2031908
1043624
1017981
1018280
2017708
1043903
0001598
0001967
1010508
1001080
2003667
2030156
1023757
1008264
1017860
1023917
1013617
1009956
1046300
1026369
2015051
2041088
2001748
1026071
1041578
2033753
1011381
2032442
1032872
2015455
1016482
1040329
2032612
1033192
2001656
2044315
1047664
1045983
2034808
1003851
2009378
2009288
2043544
2003086
2002197
1033808
1006174
2000360
1041225
1040259
2033201
2044543
1007138
1046261
1018484
1016437
1034108
1012995
1025597
1001718
1032873
1002851
1004759
2007847
1017886
2024833
1034109
1026177
1010498
1043282
1000059
2029464
2041060
1009153
1010473
1015363
2034758
1010471
1043681
2002679
2044724
2003097
1046377
1003096
2041532
2042656
2001739
2007887
2034527
1018017
1005246
1045968
1017600
1041061
1041056
1043988
2004870
1008630
2005192
2031651
2007895
1025442
2032575
1008496
1021941
2001979
1032376
1044423
1041595
2001312
2001084
0000928
2002640
0002075
2005928
1040160
1011606
2007404
1031459
2009167
1001825
1002890
1044005
1041038
2004327
2033939
2040633
1017938
2032832
2026027
1025163
1002810
2000798
2031205
2043538
2043991
2002733
1002904
1024527
2042235
2005667
1025029
1032228
2034822
1025046
2004149
1042153
2008097
2042239
1018143
2002680
2031976
1001769
2007527
2003492
1025146
1007893
1013374
1012997
1031398
1031449
2002553
2000110
1018310
0000827
2007925
1016528
1040985
1024728
2002542
2007634
2000749
2004220
1040551
1046645
2002536
1008104
1041664
2042989
2018437
1046595
1012547
2041654
2006125
1007203
2003837
2009170
1044789
1046195
1007843
1041963
2033953
1006846
1032244
1001283
2024232
1040723
2042520
1013334
1043080
1009236
2002459
2002295
2003414
1009315
1043057
1008144
2003797
1013551
1008994
1028176
2015765
1010537
2043282
1032545
1002285
1041549
1008754
2002585
2041288
1033873
1045385
2025747
2002233
2032584
2040298
2020283
1025556
1001241
2002400
2015775
0001582
1024744
1005716
2040938
2043633
1010493
2044247
1046693
1044282
2043331
1000097
2002230
1025589
2007891
1042204
1007241
2003871
2001332
1000560
2044872
1044612
1026338
2032236
1041541
2005228
1029641
2005870
2005312
2007828
1008605
2008689
2015761
2003053
1017245
1041100
1041179
2003974
2023968
1025413
2012613
1041087
2007781
2033777
2032374
1011485
1031157
2030085
1031313
2007391
1044414
1018740
1015121
1047559
1001303
1045694
1018729
0001530
1018497
2045061
2025751
1004284
1001336
1017993
1008262
2016362
1034477
2009382
1018822
1041544
1042498
1045436
2028319
1019970
1013429
1043239
2004115
1010349
0000336
1015160
1004987
2002596
2002988
1008786
0000749
1046593
1009806
1031990
2005975
2044082
1040187
1003785
1042203
0001711
1012986
2025381
1024013
1024717
2003637
2043683
1017882
1041059
2031989
2004912
1043713
1006196
1015277
1043871
2001296
1044540
1041467
2002724
1009891
1031512
0000202
2024488
1044852
0001520
2024195
2016408
1031260
2007390
2002800
0001579
1011359
1027543
1000575
1025808
2007638
1011793
1000269
2028351
1033950
1032664
1017879
1025185
2014803
1016348
1041833
1008072
1015110
2033757
1044459
0001144
1024158
1000858
1047649
1023967
2008672
2005158
2015262
1026454
1032063
2031583
1040520
0000893
1010365
1040264
1000895
2043886
2003411
1009239
2024858
2005173
1023573
1043712
1019814
1031941
1040393
1005689
0000884
1041039
2023876
0000187
2015266
1040449
2031930
1003861
1025544
0001283
2044456
1040112
1018827
1023942
1006648
2009284
1044803
1008499
1016234
1040852
1018817
1010271
2006282
2002972
1008621
2015096
1004382
1017614
1001547
1032165
2044287
2041221
2015654
1017400
1032512
1008500
2040932
2004798
1016502
2033767
0000740
1024047
2043612
2040947
1018273
2043432
2041822
2041085
2031990
2006220
2004108
2005028
2014733
1018736
1001676
2002823
2002388
1006255
2006207
2033168
2017714
1010959
1031241
1010354
2024337
1004799
2001094
1041489
1006849
2003686
2004240
2003013
2040405
2043679
1041895
1040173
2029502
1000824
2000014
1020904
2003139
1008171
1007196
2012979
1008086
1007943
1006202
2001085
2021914
1009942
1017720
2014724
1032055
2034644
1012426
2031628
2005251
2044039
1007849
1016364
2023967
1010584
1006956
2044293
2001206
1001823
2031724
1047686
1003279
1022173
2005746
2042102
1040185
2004872
1045624
1023763
1013000
2022306
1025034
0001284
2007997
1046311
1018026
2001755
2016414
1040002
2016397
1032579
2024042
2043660
2043919
1018008
1025591
2009182
2003801
0000246
1013753
2007824
2000757
0001095
1044359
1001593
2034749
1022253
2041215
2044892
1040508
0000401
1043060
2003567
1018011
2008671
2029175
1011141
1008418
2042521
1043081
1013637
2040688
2043815
2007893
2027390
2031387
0001833
1021225
1029439
1003995
1024532
1001219
1040942
1031465
1017680
2024122
1023746
2041287
2040940
2044181
1017238
2009316
1044299
1041476
2015231
2025399
0000574
1007059
0000154
2000155
2031967
2007876
2041364
1041215
2023960
1024922
1024980
2029577
1007925
0001376
1006542
1005946
1002797
2041530
1019475
2017788
1006817
2006306
2042518
1017963
2031264
1025218
2003021
1017584
1001666
1043900
1026001
2005621
2044216
2015161
1002261
1024199
2015763
1047972
1009886
2032097
2005315
1031939
1001750
2004962
1043314
2032643
1021108
0001848
0001701
2004896
1034063
1041119
1017590
1025790
1001759
2025363
2023949
1043541
1009941
2041537
1019906
1045991
2030124
1025450
1004001
1018139
2043976
1025679
1032168
1042506
2004461
1025841
1011151
1040960
1032062
1009943
2001613
2044313
2003938
1026074
1040312
2004320
2040293
1027603
1001539
1010591
2021857
1007897
1029685
1001197
1005700
2015767
1043527
1000020
2015162
1007951
1002950
2000044
2007928
1018001
2025401
2042920
1045990
1013167
2002613
2041119
1046909
2020672
1017699
2043989
2004702
2014686
1026035
2015080
2043294
1045519
1019735
2004119
2043440
1032435
2044288
1016529
1024820
1044814
1043814
1000038
2012612
2044307
1046375
1007023
0000687
2032666
2008899
1019635
1045510
1040489
2032169
2043838
1040298
0001757
1006240
2005484
1011829
1004554
0001723
1013393
1029676
1010015
1010519
2032388
1043137
2042485
2015298
1045054
2040374
1043847
1009958
1001515
2025395
2002587
2018457
0000189
2032166
2002689
1026240
1009255
2043974
2031109
2001197
0000162
1032044
1026203
1041639
1046169
2034555
1018018
2008019
2024911
1009961
2015238
1012014
2034946
2009250
2031240
2040946
1041070
2031856
2025745
1026185
1018472
1004887
2042002
1008168
1044183
2009141
1043726
2024233
2015422
2032610
1033901
0000851
2002522
2002687
1032381
1041644
1011857
1017917
1008001
1042879
1023739
1046391
2032469
1031580
2041010
1026415
2031429
2044851
1032878
2005197
1040226
2005591
1024280
2005803
1024509
0001092
1029383
2004065
2033937
2005816
2004114
1040285
1029399
2043807
1009931
2014721
2000361
1040966
1008044
1006688
1000186
1001600
2006257
1047762
2001146
2009150
2025726
1017676
1012249
1043688
1031496
2005397
0001352
1026028
1011353
2043496
2005808
1043526
0000392
2041222
1025165
1017410
1019019
1006229
2033681
0000876
1004800
1044421
1033699
2008646
2001147
2041726
1017960
2031308
2008751
2008733
2031291
1044121
2040820
0000874
1015787
1031523
2041614
2033776
1024877
1010923
1029446
2041676
2014704
1005478
2025724
1006246
2003027
1043268
1008012
1043821
2001570
2005589
2005848
1041128
1003775
0000940
1044729
2007929
2003507
2012981
1046750
2023898
1004986
1045989
1023599
1033049
1000042
2003692
2008483
1007901
1026378
1018744
1040092
1023836
2015326
1047529
2006247
1007789
2002404
1018141
0001522
2028780
2008604
1042239
1006882
1025594
2007386
2015138
1040025
1031495
2004849
2040317
1018257
2004571
2041827
1024006
2041775
1032526
1047868
1040045
2008770
1008224
1020905
1012211
2026463
2002846
2001644
1046392
1025581
0000961
1001556
2030248
1011147
2032243
1043274
2002574
1025134
1004875
2000246
1012514
2004705
1008504
2024089
0001315
2044006
1043539
1040401
0001150
1016759
1045988
1032449
2044132
0002072
1006723
2025722
1004434
1009837
1044406
1008570
2025346
1019806
2033075
1044397
1032066
1010177
1012261
2043611
1029667
1041168
1009925
2005031
1045522
1041075
1021543
2001493
1018013
1045487
2030789
2004861
1001228
2033187
1026366
2024913
1008615
2004176
2008628
1007854
1043431
1005114
1045827
1005025
1041673
1024919
1024643
2003041
1025824
2040024
2042516
1013567
2000813
2009175
0001152
2044197
1040394
1024099
2032194
1040015
2003221
2003378
1001604
1001254
1018025
1031448
1045030
1005413
2017677
2007457
1016483
1015117
2003758
2041090
2003120
2032424
1042617
2004819
2001395
1011160
2015108
1044683
2032692
2008086
1013009
1045511
1025417
1026482
2009231
1004075
1019972
1007756
0002009
1041005
2032218
2030181
1040152
2023984
1000601
1017728
2032825
1047737
2016361
2040570
2008752
1045570
2040955
1018444
1019950
2007921
2008636
1002080
1046183
1016498
2042442
1041636
1004383
1047680
1016622
1042111
1007826
1046262
1010285
1044722
1000488
2001789
1003548
1043765
1041055
1005405
0001511
2012618
1008165
1026754
1000864
0000320
1010280
2042654
0001270
1011380
1000396
1025788
1041311
1029261
2005944
1047863
2004181
1004949
1040334
2024847
2028522
0001183
1032453
0001209
1017913
2009286
1007937
1046122
2032592
1024111
2045016
1017658
1044621
1020639
0000454
2015259
2000746
1019912
2004434
1000475
1046084
1009745
2003415
1042257
1010503
2041323
2044831
2007610
1018270
1018742
2033701
1024166
1032380
0001133
2043869
2004402
1031641
1010142
1001542
1047841
2008771
1013382
1034131
1034311
0001649
1047788
1026639
2012994
1032661
2002254
1043059
2044106
2023695
2003160
1045904
1020298
1043139
2024043
1008660
2008486
1045441
0000446
1017669
2001800
1010169
1012035
1023818
2044038
1032239
1013193
2002397
2028855
2024944
1006847
1007201
1001105
1006173
2040025
2003430
2008478
1011821
2009246
1007936
2028873
1041767
2000743
0000879
1008591
2043292
2043901
1018469
1002953
1043743
2002916
2004853
1008000
1025121
2002376
2002626
1041830
1031307
2007583
2024903
1023835
2042355
2008531
2014776
1047736
2025347
1017586
2043575
1000763
1015642
1031195
1046308
1008425
1011378
2034302
2043856
1018146
1025592
2032896
1019640
1031319
2030056
2004855
1025437
2041114
1008788
2000452
2007880
1024103
1043914
1046907
1015359
1047730
1040604
1040096
2001743
1043056
2004066
2041377
2041472
0001155
2018453
2005201
2015771
2008840
1040476
2043431
1015180
1018463
1025609
1019817
2004761
2034783
1019528
2001939
1047808
2018452
1005051
1002266
2001751
1008820
1007687
1043746
1013380
0001730
2000692
1040224
2017668
1025405
1017079
1000486
1020652
1018727
2043529
2004173
2016319
1008046
1032182
2032443
2008630
2029475
1001191
1034043
1003845
1046149
1031469
1007764
1006045
1021430
1040021
2001563
0000025
1023382
0001919
1041326
1031904
1016215
1046555
2002346
2033302
2018461
1017940
2015776
2043763
0001111
2031151
1009947
2005747
2005135
2031720
1012056
2026451
2028754
2008609
1001757
2003128
2023978
1014731
2032511
2033063
1008503
2004091
1010288
1008008
1040120
1034111
0000184
2040012
2002461
1034934
2001796
1041446
0001175
2008586
2003605
2015075
1031249
2025741
2003919
0001746
1018459
2012610
2040116
2043804
1041857
1043530
1023860
1004000
1017612
1023801
1025868
1041447
0001349
1041208
2041839
2032450
1013391
1025416
2004432
2008637
2041307
1040509
0001287
1047339
1004955
1018503
1040216
2001316
2008610
2005030
2001044
1009787
1029577
1041047
1024908
2041751
2001472
1008190
2033200
1047745
2043513
1031256
1007906
0001523
1010897
2024051
2017693
1023596
1031497
2029501
1001576
1034373
1006670
2040259
1002307
1043764
1009894
1001788
2003959
2015097
2004975
2002551
1043801
2032146
2004188
1007807
0001385
2041531
1032221
1018004
2015650
1024177
1001227
2024502
1033570
1041536
1023601
1016769
1042311
2004708
1031314
2009380
2009164
0001093
2000792
2041435
1043629
1019626
2041703
2033723
1020622
1023712
1004293
1047611
2004567
1001139
1047327
2015202
1043838
1010362
1040974
1025681
2009241
1029288
2005195
2003148
2026751
1011962
2016409
2007726
1020635
1008154
2020667
1032511
1007026
2018454
1010494
1040316
1013198
1012205
1007732
0000925
1009154
1016624
2008731
1018464
1012206
1019827
1009854
0001583
0001518
1010550
2003998
2042525
1009972
0000233
1009899
1000313
2004097
2005067
1033225
1002909
2015130
2007846
1009257
2008973
2024251
0001134
1028921
1005124
2040585
1008726
2015638
1032753
2003147
0001764
1009809
2015181
1024515
1046196
2017650
1032514
1041896
1026022
2004147
2008036
1000980
1022174
1041126
1008678
1044045
1005563
2043834
1023754
1009833
2005617
1043901
2001476
2009318
1008186
0001573
1041185
1000232
2025378
1045696
1012593
1034083
1046895
1002026
1042255
0001165
2002118
2040092
2044204
1003601
1041929
2032039
2001097
2041359
2008673
1042557
2032349
2044364
1044805
2008734
1004866
1000636
1046748
1047543
2033349
1006061
1005149
2005089
1009307
1021403
2002702
2031445
1009948
2043865
1017943
1024102
2033116
2009138
1040621
2034103
1003203
0000470
1013759
1009916
1042505
2001483
2015371
2005049
1044718
2032452
1034502
1019645
1034163
2001398
1008196
1026073
1032121
1007766
2042627
1046182
1041181
2015889
1008589
1018829
1007873
1024285
2016412
2004047
1040955
2041773
2024927
2033285
1026244
1031475
2024096
2033643
1043543
1007879
2004936
2044201
1040884
1001333
2031973
2004993
2001280
2007612
1007825
2000156
1012999
2044963
1000925
1009308
1007987
1044338
1032768
1040030
0001232
1008917
2031835
1043843
1025152
2017672
2041756
2008613
1020459
2003222
2003510
2009185
2005727
2041021
0001887
1005724
2014812
1007781
0000185
2040879
1012983
1043817
1006511
2043240
1045497
1034205
1031012
1046303
2042594
2026321
1043856
1045398
1005234
1044408
2002272
1009928
1045651
1009971
1007729
1008114
1008042
2002617
1000228
1032254
1008693
2003705
1032506
2003934
0001913
2004995
2017692
2005919
2033123
2002292
2003702
2024036
2034256
2031955
1045915
1001583
2030446
2002210
2001559
1030971
1001502
1018732
1017859
1024959
1000558
1031951
2003947
1008007
2001397
1043490
1045616
2044283
1023558
1015146
2033688
2005000
2041976
2002611
1000120
2025356
1011363
1025810
2005134
1004439
1004442
1005790
1007255
2042482
1042510
1015644
1018161
1008680
1004763
1034153
1001822
2044104
2008622
1044897
1032390
2022310
1003513
1041048
0001223
2034182
1002546
1041164
2001168
2031650
2004373
1003774
2024054
2003565
2007381
1018125
2044196
2005232
1043661
1011379
1046694
1010540
1009784
1042251
2025457
0001639
2000398
1046611
1002315
2044695
1000145
2004068
0000746
1000086
2015637
1034139
1034044
1006107
1031836
1006823
2034122
1010266
1044626
1002294
1005540
1018282
1034113
2004598
2025359
1047934
2031394
1001544
2043899
2000159
2006251
2023936
1034505
0001570
2015431
2043752
1015448
2041235
1001890
1000208
1020670
2002413
1025214
2042441
1004762
1040725
1040003
1001451
2031991
1045646
1009981
2040249
1025614
2001298
2003544
2033279
1008184
1008673
2033359
1002276
2017674
2003207
2032671
2033672
1010560
1032461
0001306
1019468
1000739
1034046
2015381
1010811
2003040
1008078
1045498
2005534
2004148
2000060
1031242
1029055
2025812
1047746
2006165
1041495
1001792
1002194
1017587
2041613
2007579
1004233
1008108
2000187
2041234
2005138
2002729
1044153
1024960
2004427
2000740
2031448
1008670
1018266
2001686
1002591
1004491
1034292
1008161
2004079
2034101
2003401
2024806
2008477
1041473
2041794
1005980
2031827
1046573
1017082
1018317
1007053
2007897
1043631
2002137
1000339
1024605
1015046
1040487
1033214
2031703
2032435
1024927
1032322
2015157
2041203
2001767
1025795
2009144
2043280
1008494
1017404
1047627
1010640
1047933
0001401
1013691
2005946
2006177
2044212
1026204
1011482
1032452
2032354
1019520
0000684
2004634
1046296
1025512
1001223
2024119
1000747
1000609
2024493
2008666
2031860
1025035
1024683
1010297
2005054
2044610
2032235
1018022
2005172
2008037
1025415
1025143
2000047
1020158
1018731
2003440
1047621
1031721
2044063
1019636
2002929
2003792
1045982
1017696
1000173
2040569
1016507
1025375
2000679
2005992
1041972
2042232
2024114
0001519
2041962
2034471
2025365
2029444
2005124
1044543
1044804
2008845
1001675
2031373
0001277
1008417
1018098
2024809
1016237
1001855
1001801
2043808
1001549
2003167
1019909
1040016
2033058
1025606
1011963
1030991
1000494
2000522
1008636
2007829
1004525
2028861
1012244
1044584
1023750
1044810
1032931
2017676
0000020
1006821
1019471
1032347
1007790
2031563
2024170
2026436
0000708
1043756
2025439
1034075
1043842
1034390
1044119
2008683
2014722
0000478
1012133
1015175
2003678
1040023
1013197
1040928
1002413
2029469
1012022
0000223
2040659
1013286
1042497
2001308
1023555
1009760
2043765
1043819
1001876
2033193
1023986
1010966
2017689
1040722
1003457
1006194
1009810
2041231
1047935
1007242
2003569
2004124
1033202
1008681
2008597
1041704
1020519
2003020
1040330
1008747
1000081
1047719
2025431
1008834
2031944
1002896
2032230
2003677
2040375
1026300
2001750
1042612
1029447
2008088
2031931
2006285
1031162
1046747
1044184
0000526
1008151
2029121
1041050
1043578
2004570
1018156
1040307
1025624
2015140
1025513
2002239
1024535
1033563
1040403
1041973
1043748
1011364
2002694
2042524
2023997
1001314
1011923
2002259
2041048
2030379
2025340
1015174
1032404
1047170
1004983
1025445
1031451
2002521
2006281
2033189
1004215
1021154
2009149
2015758
1045521
1046910
2004710
1024906
2034784
1025189
1002277
1043542
1000893
2025330
2044032
1000740
2000411
2016348
1001628
2015199
1018027
1019953
2043177
2002012
2043805
1011859
1007903
1018452
1025785
1009842
2017658
2004159
1016245
1011853
2002434
1043755
2001747
1015614
1010492
1010276
1004263
2002505
1040116
2042841
1031414
2012996
2018460
2004366
2032372
2000742
2044715
2002672
1020137
1031210
2007568
1008497
1017409
1013206
2005843
1025464
2015453
2004141
1008218
2044236
1041543
2044725
2003639
1044834
2003154
2025394
1007913
1007887
0001343
1016776
1008081
1001602
1018747
2005006
2017790
2041722
1020452
1043711
1013401
1044849
1029179
1032441
2009129
1044727
2000928
1041858
2003071
2032436
0001633
2031629
1032573
1042891
0001738
1031190
1008295
1007846
1047604
1045619
1008259
2000177
1028790
1017349
1045234
1044190
2009232
1034206
1003265
1012207
2001243
1020659
1044418
2008969
1008391
1031330
2003200
0000559
2007890
2000898
2005473
2007831
1047731
2041618
1007902
2008591
2003394
1043722
1000314
0001339
1009256
1011822
1026520
2033221
2007934
1006136
1044843
1031360
2028637
2004848
1004755
2007993
1046297
2004381
2008599
0001074
1018023
1007824
1042508
1033810
2001636
2031393
1001094
1007871
2001978
2015111
2041776
1025188
1018397
2041767
1017681
1024644
2008747
2002192
1015349
1005176
1008352
1028922
1046692
0000464
1003292
1044634
2023543
0001613
1025751
2002392
1043815
1024891
1006227
2043274
2034745
2006071
1033058
1018086
1032225
1019637
1021081
1024713
1013214
1033024
2002294
1032455
2042840
1005599
2017792
1046180
2017663
2031948
0000234
2003088
1025466
2026343
1045645
1009785
2004101
1000576
2015376
2025426
1041796
1004312
2006169
1046908
2042435
1015093
1015451
1001224
1017670
2040893
2009137
2044183
1044024
1032665
2015747
2043926
2031444
2041527
0000759
2005139
2002170
1000904
1007866
2004318
2033752
1025800
2041499
2004470
1031977
2009153
2001580
1043752
1019642
1047917
2015133
2031449
1007197
2040187
2025331
1047966
2007863
2044179
2041896
1024911
2009143
1005130
1025627
2041206
2033014
1008993
1029429
1047530
1026183
0001222
1045770
1017914
1009900
2016479
2032876
1000191
2015342
2031655
2033166
2012449
1017872
1032154
2001244
2008018
1031316
1025148
2045096
1045633
2023933
1034144
1040301
1032398
1022055
1016500
2000371
1046670
1010505
2040283
2014806
1011368
1027537
1033308
2033080
1015308
1008682
2001131
2030201
1001551
1004303
1043826
2008062
1008013
1003297
2043578
1005249
1046699
2003810
1029673
1009414
0000134
1024520
1004904
1045520
2040741
1008119
1016210
1010909
1047653
1025599
2005790
2006316
2007790
2032330
1031172
1013210
1013435
2044248
2006111
2004191
1034061
1032553
1018159
1025145
2002769
2021901
1011095
1003658
2005101
2007774
2044437
1009989
2024115
2003168
1004869
1043837
2008481
1032889
1025443
2032398
1015173
2015041
1000199
1043625
1045859
1022044
2042954
1043503
1000188
1013019
2024836
1032010
1007145
2016360
1041441
2044604
2034082
1009324
1018388
2007817
1002008
2028826
2025335
1010172
1012476
1047663
1026171
2006069
2003115
1042444
2040829
1001494
2041858
1042259
0000021
2004831
1017668
2031242
1002137
1013173
2033994
1047683
1047722
2004216
2006079
1041170
2040403
2040022
2001571
1009329
2044873
2043688
2028908
2031643
2004328
2020296
1018047
2041040
1007202
1010571
1041547
1002283
1020694
2006134
2029170
1015152
2015334
2031933
2041397
1029674
1007832
1016244
2004322
2024052
2001889
1040261
1045640
2007873
2003348
1019908
1042349
1041496
1046644
1017995
1029660
2032312
1012273
2024045
2015386
1008421
1040499
1004282
1006981
2040907
1041880
2000102
2032367
1031946
1017950
0001927
2033541
2041238
1044360
2044286
2043686
2040566
1031187
1047618
2002584
2044278
2001260
1025590
2007562
1047816
1031993
1017727
1025677
1025286
1033939
2003545
2044824
1043961
2008601
2007800
1003872
1005941
2002648
2007529
1043662
2040785
1005352
1024837
0001876
1002192
1007733
1005045
2003185
0000614
2029396
1004889
1010296
1013746
2041610
1001111
0000870
2004080
1041027
1011816
2043540
1008671
1011245
1041180
2002395
1031463
0001564
2026073
1004911
1018009
1013356
1040306
1044595
1001511
1009298
1029137
1002280
2005612
2044182
1015049
2032318
1008145
0001763
1044366
2042517
2001718
1008766
1041112
1017747
1044835
2015132
1011789
2015506
2042432
1004565
1008620
1044457
1000866
1031328
2043988
2044624
1043820
2004438
1008121
2032662
1032797
2031711
1026453
1001606
2044727
2041500
2004904
1009932
2024065
1029670
2043791
2030782
1001164
2022213
1043923
1013333
1016520
1046148
2009173
1023602
1029671
1032692
1022185
1041553
2040906
2006133
2043681
1017933
2034723
1009303
1046597
2024092
2004729
1008346
0001351
0001705
1017877
1044625
0001680
1008415
1009284
2003859
0001710
2001741
2003373
1021082
2034916
2041200
1018450
2004287
1044497
2004900
2005296
1011152
1001678
1042250
2015241
0001611
2002576
1011920
2034598
0001279
2033597
1024606
1031406
1002291
2029122
1040949
2044443
1001284
1015348
1002523
1011154
2032473
2024804
1009411
2044444
0001137
1003927
2006066
2041960
2005191
2032471
1007603
2032295
2008007
1040748
2032345
2040493
2034100
1000508
1032588
1001553
1034191
1008150
2002986
1020160
1023899
1024522
1032660
2015875
1016363
1000123
1025821
1018446
1007815
1047650
1045986
2007788
1018818
2025402
1041118
2043816
1010409
1008482
2033612
1017719
2041403
1003952
2040223
1044420
2032437
2041127
1009196
1010980
1034200
2000367
1013216
1001530
1044295
1034323
1041491
1005691
2003582
1000024
1010495
1001924
1043588
1044845
1034151
1007240
1017875
1008227
1041542
2041306
1006951
2032130
2008151
2043975
2008741
2030083
1009264
1045566
1001550
1000183
2040240
1026353
1020502
1043822
0001820
2004096
2000747
1047817
1027517
2023992
1013379
1009822
2040528
1026217
2007827
1017686
1009841
1047964
1007847
1040235
1043610
2003483
1046126
1045678
1009192
2032239
1031646
1043693
1044618
2043438
1000977
2009240
2015495
1032470
2004323
1001258
1041198
0000280
1007805
1010299
2002368
2017653
0001565
2028328
1002265
2044079
1047606
1008371
1020793
2040546
1017243
2034517
0000857
2002579
1008170
1009935
1017983
1026195
1018032
2034016
1043692
2000185
1040822
1025546
1005607
1041846
2008031
2033988
1040269
2006132
0001547
2003015
1007890
1012989
1044364
1025402
1009885
2003829
1010907
2044192
1000414
1016620
1025352
1008084
2015393
1040175
1026231
1031355
2002634
1024719
1041325
1031391
1000865
1040233
1001341
1031334
1046248
1023981
0001535
1001851
1008790
2005987
2031176
2030788
0001341
1011885
1018128
1031112
2005614
1007833
2004372
1009253
2016190
1043504
2000503
1013220
1009940
0001404
1004643
1026264
1000590
2024805
1031324
1001153
1013222
1008035
2015098
2044689
1021224
2044728
1046273
1032387
2007388
2005504
2024492
1010174
1044799
2023932
2008066
1040174
2020675
1041414
2033987
1034040
1010566
1010291
2000268
1031474
2044203
1026147
1007918
2040229
1041468
1025867
2005811
1010360
1034194
2002561
2002747
2000695
2024803
2041224
2042509
1047338
1011155
1017067
1019971
2007540
1032550
2041539
2041498
2024105
2001674
0000854
0001194
1020550
2043284
1040262
1010468
1024720
2041952
1032798
1007795
1025001
1001018
1007931
2030544
1018814
2032254
2033557
1031147
1041898
2028330
2001201
2004246
1003793
1012510
1009974
1004862
1007054
2041254
1001400
1034068
2001905
2023850
2001736
1017071
1025570
1047326
1004314
1032350
1017922
2043824
2001873
1016518
1025511
1009965
1024899
1002942
2000355
1017962
1008765
2003833
1007907
2033158
1047538
1017926
0001007
1011077
1047622
2009248
2005015
2041071
2000744
1019658
2023927
2044625
1043975
1000493
2005295
1010412
2043710
1044200
1000217
2017691
2029281
1032569
1047735
0000765
1047688
1041129
2032661
2003336
1032425
2032209
2040020
2003078
2043651
1001192
1046898
1040134
2033197
1018743
2007932
1018468
2041916
1033696
1031638
0001189
1033017
2001537
1047814
1008533
1029418
1042526
1031706
2024893
1025166
1041534
1046444
2004822
1046299
2004950
1043771
2015261
2044800
1033183
1023764
1025809
2015664
1043745
1002273
1007779
1019478
1044898
2043685
1017935
2004636
1040531
0000465
1010700
1032509
1044633
2004167
2017679
2032620
2005034
1018288
2003531
1045512
2004426
1007852
1040767
1026187
1025138
1025805
2042357
2002465
2015237
1043538
1045123
0001928
1001510
2004107
0001303
1008089
2002338
2007443
1009844
2017654
2015242
2005474
2041402
1016231
0001228
2009169
2001519
1005862
1013150
1031428
1012041
2002283
2006176
2005392
1041602
1010558
2004902
2031215
2040612
2028677
1041570
1019736
1040217
2033287
1029578
2043833
1003461
2008504
2044312
2015340
1008513
2001704
1017617
1043138
2045031
1008087
1001881
1009853
1010287
1008763
1046900
1022020
1040009
1044839
2033665
2004017
2040071
1026350
2001311
2003695
1029679
2008735
2040494
1005139
0000501
1007912
2024915
1025793
1041810
1029449
1040565
2001083
1031452
2008762
2021858
1007823
1007440
2000675
1025869
2040084
2005518
1024889
2004361
1005188
2014799
2003772
1011820
2003277
1042353
1023951
2025424
2043753
0000472
1031427
1010542
2015753
2002746
1018504
1016416
1011973
1001557
2003066
2003540
2002202
1004965
1033865
1006953
2044712
1025567
1018124
1043544
1002515
1043062
1043972
1047793
1002416
2005871
2033868
1002269
2040299
2003322
1044512
2032116
1033902
1000592
1047610
1013208
1000683
2032285
1045569
2001749
2004330
2040073
1033006
1008229
1045572
1013459
1009828
1023800
2032168
1032148
1021823
2034285
2040614
1025629
2003576
2008611
1008532
2024840
2030855
2041846
1005172
2000760
2040212
1017956
1002799
2025744
1010345
1010366
1044792
2008686
1031658
1004397
2040926
2002286
1013638
1026412
2004971
1020505
1046465
1012582
2043900
1044493
2004338
2044414
1016764
1041891
1025586
2004193
2003017
1025467
1045697
2032117
2041115
2024884
2001484
1042897
1042002
1025553
2031638
2008675
1008231
1043707
1040502
1044285
2001847
2015232
2003788
2008485
1002239
2044893
1026133
1040622
2025323
1024505
1018460
1041115
2003293
0001145
2041098
1009165
2024343
2042512
1040260
2025743
2003265
2024176
2001653
2034468
2002745
1041897
1040308
1025406
1033019
1023955
2001763
1024895
1032247
2023990
1018471
1024747
2004103
0001669
2001259
2029575
1021555
1007934
1040258
2003683
1041593
1007182
2007406
2026060
2007724
0001083
2031561
1007923
2001685
2005770
1001174
1001171
0001334
1032386
1010279
1000054
2041131
0001081
2004307
1023701
2032373
2002203
2008079
1008344
1007856
2033539
1025438
2002816
2003860
2024079
2015091
1040850
2005737
2033981
1020148
2002714
2009297
2025432
1034121
0000603
1040773
1047681
1026232
1023624
1025574
1032349
1026367
1019907
2029152
2033577
1002025
2003935
1024529
1032152
1033307
1040976
1002806
1033850
2034032
2043511
1047656
2033053
1041591
1046125
2006178
1000392
1008095
2004863
2024257
1007135
2005988
1018728
1008036
1047965
1030892
2025360
1045417
1009895
2025355
1015272
1046001
1046395
1017673
1044850
1017706
2031199
1008199
1001915
1046578
1043403
2043844
2015113
2003514
1017068
2017710
0001227
2044004
2004132
1043691
2008632
1046290
2005279
1025140
2001572
0000681
2043839
2005615
1015148
1007730
1044749
1047840
2015126
2041880
1007140
1004313
1045596
1001478
1003728
2003418
1016768
1007061
1041834
2031483
2003522
1046435
1041637
1008675
1011091
1020152
2002533
1043973
1005582
1031179
1041588
1031455
1031361
2000505
2002803
1000594
2004401
1017998
1034654
1002281
2031420
1018021
1007239
1045605
1044280
1032105
1008103
2032352
1024926
1043264
1031379
2004852
0000820
1008140
2004113
2004106
2004538
1040636
2002701
0000636
1045632
2033664
2043874
2005014
2025436
1031342
1025582
2028827
2033986
2023908
1016233
1017656
2032480
1024730
2001974
1046302
1018152
1045969
2040497
2004737
1044004
2004256
1017685
1032195
1040026
2000479
2043154
1040405
2016351
1031742
1003791
1025671
1032690
1013013
1046605
1005547
1024735
1044465
1025116
2012582
2003445
0001268
2004154
2001618
1024923
2006365
1019968
1026191
1018093
1009957
2007535
1001594
2031330
2004566
1033525
1045490
1000172
1042158
2002145
1025492
1000041
1007160
1008384
2001638
2001871
2025297
2001113
1018014
1001310
1041140
1011873
1043917
1025672
1024548
2008096
2003809
1005260
2005516
2003072
1034294
2004030
2043968
2001760
2044613
2044618
2000435
1006187
1029428
2032110
1029359
1047918
2034017
1006819
1043696
0001780
2001310
2002458
1046656
0000683
2003458
1032253
1006565
2017713
2016417
1001573
1015109
2029269
2000927
1008538
2041770
2026075
1041234
1002926
1044334
1047806
2016189
2003370
1009976
1046464
1044506
1041961
1040303
2024891
1041932
2001509
1043808
1026315
1026218
1005621
2000673
1040983
2003607
1043590
2004974
2015244
1043134
1009838
1028751
2015511
2005814
1041052
2040158
1017615
2000401
2045035
2041384
2002535
1025823
1008038
2004947
2003638
2024098
1041321
2004515
2003459
2001129
1042882
2031702
2003213
1046274
1018062
1008541
2042519
2015197
1017978
1047734
2015257
1026186
1025446
1025584
1023598
1026188
2033294
1008325
2028980
1047590
1022320
1040507
2001482
2015165
2015427
1019621
1040332
1017867
1009911
2024020
2032454
1006124
1043754
2044509
1008039
2008679
1020555
1040607
1019504
1025566
1009273
2040605
1008009
1015350
0001510
0001295
2024862
1007768
1043831
1032877
2033362
2014688
2031947
1042361
1020524
1012131
1043723
1017399
0000784
1020304
1001627
1018096
1029403
2043011
1016207
1032522
1043055
1043443
2023837
1007811
2007938
1010761
1012630
1018739
2008094
1007892
2000849
2007786
2016188
2004134
2003578
1042985
1004040
1016463
1024893
2007531
2003453
2015234
1005581
2009171
2005701
2025408
1015193
2008775
1029400
1031333
1000133
1011590
1025136
0000580
1045883
2016406
2008690
1045051
1008852
0000505
1008604
2015459
1011965
2003839
2005587
1005703
1029276
1020906
1009181
1029460
1041243
2000575
2025407
1017975
1012107
1029581
1010499
2001322
1043483
1020548
1013570
1046278
1017874
2041533
2023913
1025212
1025804
1040271
2034710
2040588
2043281
1017599
2043859
1041178
2004518
2015233
1017951
1024578
1003299
1041589
1001562
1002028
2040233
2034079
1000304
2042229
1018456
1002545
1025045
2000396
2040529
1045614
2040615
1034067
2005990
1016374
2002821
1041587
1047607
2003214
1026216
2008506
2001139
1018137
1041117
2007796
2041006
1040069
2040274
1020506
2020297
2027415
1010290
2020654
2040606
1032171
1032133
1025806
2003263
2015134
2041897
1042100
2003210
1005168
2044918
0000565
1032067
1043284
1043487
2009295
1041477
2004484
1002541
2041970
2006331
2015184
2030912
2025464
1031500
1007922
1044402
1032565
1021402
1001546
0000832
2032255
2004331
1000746
2003648
1032529
2002917
1008261
1004767
1031317
2000287
2004889
1008809
2032481
1002948
2006327
2041915
1004541
2001054
1011386
2025723
2044719
2031909
2003606
1025159
2007770
1002228
1043710
2004168
2003614
1006110
1020208
1042102
1041121
1040289
2025447
1007822
1034150
2007915
1029355
1025153
1041821
2030381
2008617
2041129
0001286
2020658
1010541
1003031
1012113
1008514
1031369
2030234
2004760
2001761
2007818
1009983
2031825
1006837
2003318
1006172
1025289
2005586
1017659
2027563
0000445
2001826
1026414
1046893
1002193
2040277
1024190
1031186
2033703
1000152
2009370
1046906
1001721
2006283
1032355
1012992
2040241
1045967
2015668
2006243
1006135
1033050
1041646
1030972
0001853
2004116
2000852
2005653
2031596
1006656
1004985
2044718
0001313
2043818
2000407
1011887
2042253
2008603
1005873
2040115
2016355
2001347
1025290
1008683
2002326
2014795
2041672
0001082
1007055
2002423
1001229
2004204
2008761
1029650
2000549
2025808
1047739
1001095
0001396
1042256
1008142
1002282
1025184
2021856
2028869
1042523
2026375
1002497
1000605
1025170
2040279
2001302
1023613
1021399
1007801
1019638
2004064
0001373
1019655
1002313
1041419
1029672
1023023
1009429
2002503
1020153
1005573
1026619
2043577
2007911
1025797
1044544
1025827
0000686
1046384
1034060
2001798
2043678
1042191
2009158
2002625
2044202
1007056
1043775
1040465
0001532
1047733
0001893
2026119
2015766
2003425
1012128
1013002
1032667
1011362
1011981
1005004
2009296
1031225
2003581
2002713
2041540
1025382
1044613
1017906
1026150
1012635
2008152
1043935
1041074
1024749
2033869
2028604
1010910
2007499
2034476
2004854
1041036
1046762
2000987
1017958
2003991
1007888
2001862
2031427
2003368
1002202
1004281
1047541
1003459
1019630
1022237
1001761
2044457
1021538
2041190
1018823
1033201
1031614
2040028
1008751
1029668
1018502
1019646
1017661
1043495
1041874
2002277
1026174
1015167
2007507
1020535
1044411
2044319
2008767
0001098
2003469
2044314
1020619
1041226
1044417
1026069
1000860
1046443
2002903
2043494
1026455
1028958
1006127
1045053
2006260
2024489
2029169
1009354
1025158
1001534
1047833
2008219
2002673
1009829
2003948
1017702
1019024
2041848
2043504
1031837
2031934
1029587
2004203
1000194
2028687
1017242
1007820
2016415
1041133
1018150
2017662
2004156
1005037
1031599
1033580
2012984
2024895
1044358
1011367
1046669
0000697
2001803
1013202
1006848
1018088
2032680
1045695
1013550
1044585
1017678
2026237
1017593
2044076
0001756
1013196
1041797
2005841
1021083
2024907
1026379
1017237
2007908
1018449
1033200
2014875
1005055
1032248
0000502
1008182
2003121
2034033
1007247
2002169
1004380
1040939
2041874
2002208
1007207
2003992
2004241
1043650
2015158
2025341
1015276
2000682
1006824
2004242
2001824
1033016
2017675
2003178
1027515
1000921
1032025
2031738
1041124
2031322
1004980
1011106
1005676
2032238
2001293
2040509
2003295
1017379
2041932
1025462
1013390
1006171
1031374
1011480
2045014
2017684
2002102
1044791
1028826
1010467
1000523
1047601
1012583
0000610
1019628
2032357
2002723
1040273
2007392
1045402
2002773
2032067
1007154
1043445
2008736
1008222
1007862
1003239
1000511
1004496
2000231
2001654
1009179
1041551
1017857
1047936
1017723
1005167
2000359
1007775
1047536
2008674
2000481
1018028
2005032
2033159
1031912
2041993
2000412
1046757
2040916
1034052
1001833
1040572
0000395
2044583
1023544
1043659
2024083
2005974
1006850
1016616
1032246
1007808
2025746
1043979
1047537
1008041
1040130
1029579
1042229
2012968
0001586
1007941
2007764
1013430
1026245
1007813
1009970
2043335
2009285
1025042
1013433
1005542
1007988
2041008
1041663
1023914
2001740
1007812
2001564
2031595
1043476
1008133
2004420
1008718
1041026
1025137
1025459
2032497
2002409
2002938
2004731
2009292
1047981
2033150
2043682
1025456
2004222
1044624
2028772
1034062
2008624
1033052
2042697
1042227
1000981
2020282
0000211
2015195
2045033
2033228
2029395
1013022
2031194
1012674
1033940
2024210
1025151
1040495
1042471
2031632
1006216
1045641
1023970
1047586
2003403
1017717
1020149
1029186
1033219
2042834
1042346
1044589
2043729
2000766
0001825
1041424
1043694
1008598
2005880
2042228
1025433
0001715
2029167
1032128
1040916
1015702
1018087
1024058
1000034
1004543
2002048
1032129
1025279
1029677
1000418
2034532
2025419
1019816
1024862
2005396
1016431
2031476
2028856
2009290
2024061
2012600
1011097
2042236
2001078
0001362
1040837
1020325
1018467
2031160
2040140
1047803
1031991
0001858
2005937
2041560
1012262
1025598
2025428
2005600
1047909
1023869
1033334
1005571
2000860
2001297
1023988
1019519
2018537
1044309
2041895
2044586
2004895
1008169
2044661
1011970
1024579
1032533
1023600
2042523
2004992
2043241
2001690
2005320
1047907
2002282
2031713
2014689
1044278
1004428
2040172
1025122
1017791
2008605
1025580
1000344
2031649
2000106
2040126
2031543
2041120
1012112
1018040
2042241
2032429
2031273
2004296
1021226
1044208
2044284
2040495
2005872
2041065
2040962
1012253
1047494
1003129
2024002
1005692
1029663
2041037
1010277
2025440
2025728
1001563
0001241
2009176
2001172
1041340
1009752
2030441
0000060
1010663
1043444
1043859
1040830
2009147
1041019
2002381
2005148
2030152
2007549
2041016
2040238
2003135
1011150
2005916
2024253
2033369
1034104
1000635
1041088
1042441
1034156
1017353
2001384
2031441
0001297
2043502
2002605
1009808
2042004
1006115
1005353
2003802
1008124
2043051
2006153
0000890
2004170
2014731
2002097
2016363
1013400
1040940
1032172
1034047
1003305
2032059
2007904
2031859
2033383
2005171
0001311
2002359
2015432
1026029
1026034
1001592
2004297
2006373
2000045
1019667
1042852
1013203
1017665
1041244
1041043
2032412
2044398
1016497
1025213
1034199
2041992
1007066
0001860
2002978
1017866
1022255
1002288
0000949
2045047
0000062
1044311
1043546
2007864
1043899
2005725
2016482
2001364
2007868
2004970
0001205
2040294
2026380
1024049
1003083
2005125
2024088
1034808
2024125
1003064
2001819
2007892
2001480
1010352
1009901
2000926
1017698
2008077
2026131
2040060
1003841
1006184
1031995
2024048
1025162
2003936
1006646
1004365
1007776
2007916
2009415
2006191
1007787
2015458
1045412
1010496
1011593
1013217
1001261
1004760
1023611
2012606
1008761
1017488
1034120
2031932
2003814
2029173
2002661
1009950
1000367
1016618
2018439
1047794
2041050
2014683
1010562
2044321
2001452
2041823
2025342
1041545
1017580
1000586
2017648
1025372
2004516
1000832
1017076
1002496
2005066
2004019
1045415
1008748
1040900
2000974
1040215
2008669
2003002
1011352
1010880
2024044
1009430
1019675
2003918
2024194
1002517
2003454
1040573
2041091
1010501
2000270
1024288
2044294
1043816
1007539
1011960
1007861
0001538
1040530
2025398
2000414
1034119
1012429
1018157
2040948
2018442
1023807
1018828
2044249
1040930
1040032
2004374
2015323
1025610
1031913
2003999
2024406
2044964
2025443
2031855
2041118
2007606
1044066
1041599
1047812
2033959
2006252
2040564
1021228
1043724
1007158
1025807
1009917
1043077
1005876
1010572
2007722
2020655
1031011
2009145
1041125
1033184
2006182
2015077
1013763
2005289
1031014
1031127
2008730
1015183
1044841
1047588
1017864
2005090
2041951
2014876
1040371
1018390
1003057
1010301
1000956
1002512
1018041
2003990
2041535
1016370
1041058
1045965
1009977
2043437
1003897
1010351
1047993
1024005
2005955
1031013
1017862
1015211
2009172
1011957
1018461
2003885
1007909
1041829
1017407
1025161
0001369
2040485
2026137
2004063
1041073
1045798
2003157
1026193
2031150
2004137
1047527
1008663
2030856
2040250
1015147
1025675
2003618
2044726
1017936
1017653
1017984
1018285
2041230
2001899
2004020
1020693
2008974
2000272
2032311
2001753
2005585
1007845
1005052
1043683
1045912
1043689
0001607
2020197
2033983
1011369
2024899
1040314
1009887
2003141
1025076
1012479
2015500
1020660
0000005
2006112
2033149
1005344
2002165
2034097
1002234
2044460
0001216
0001700
1013772
2000356
2000687
1016371
0000484
1042579
2004931
2043275
2040628
1033194
2008482
1016623
1041200
2005102
1025568
1007763
2044184
1009987
2040610
2004090
1041324
2003070
1017592
1031855
1010013
1029396
1024682
0000029
1043272
1017687
1043830
2033195
2045051
0001495
1013147
2005854
1023702
1017684
1046002
2041404
1001877
2034927
2044305
2024049
2024074
1048000
1008370
1010699
1024576
1014730
1040020
2025886
2004425
1040144
1025822
1009162
2033955
1010928
1043777
1041017
1012634
2008620
2045018
2042443
0001023
1012118
2014691
2023715
2044289
1008847
2029123
1005531
1001682
2034776
1021227
2002962
1002326
2025349
2025989
1008629
1045846
1047554
2007798
1009321
2005164
1005858
1002567
1004283
2043700
2000186
1010957
2004209
1012949
2003407
2028979
1046497
1019654
2015264
1017945
1017946
1009850
2043911
1011354
1017942
0002076
2003247
1009915
1018101
1043479
2008972
1010556
1032932
1008043
2041105
2017681
1034152
2008615
1045524
2024226
2000741
1040376
1042398
2004735
1009242
1041638
2001589
2040953
1011145
0001580
1043709
1018269
1000315
1041412
1008226
1034051
0001207
2043546
1001343
2003264
1044177
1043811
1041435
1009832
1004817
1007180
2001565
1047996
2004369
1028782
2008619
1025668
1018821
1005137
2024107
1001605
1014177
1033572
1007891
1005123
0001855
1001925
2017682
2006372
2041014
2002586
2020295
1004873
2043528
2040888
2041541
1032209
1007793
2031943
2018451
2005982
1011827
2031132
1033195
1034140
2026074
1040972
1009893
1002677
2002908
1008540
1047809
1000801
2016405
1019470
2025749
1007870
2001557
1007882
2004897
1040013
1010292
1013749
2041653
1017654
2033381
2004543
0001581
2040091
1012058
2040342
2005523
1024957
2023970
2000486
1011948
2003671
2041156
1015107
2016407
2043084
2031867
1031413
2043837
2005584
1047619
1008613
1009978
1006063
1032442
2044817
1046394
2030170
1020669
1029588
2005744
1001607
1040890
1045970
1041169
1010497
1045911
2000606
1040415
1008768
1044838
2045021
1002836
1000513
2043547
1031343
2003945
1018127
2003941
2003881
2029562
2024167
1000479
1046263
1017973
2024118
2045034
1025576
1003656
2003149
0001765
1032142
1002264
0000482
1013366
2003354
0001859
1043033
1001142
2002452
1032163
1040882
0000208
2004790
1032857
1009939
1009975
1013168
2028544
2040018
1005566
1011977
2040708
2015160
2003689
1011947
2041321
1031747
0000807
1012631
1025219
2005606
2024294
0001275
1003625
0001762
1025440
2001155
1018501
1012036
2004083
2015092
1019639
1007038
1019669
1008787
2024892
1017724
2004569
2004077
1017974
2014725
1001836
1040500
1020231
2044180
1029625
1008617
1032377
1024226
2041367
2002511
0001548
1042499
1007068
2003091
1040469
2041845
1041434
1019910
2043690
2007926
1003068
1013213
1045026
1010348
1047672
2005403
2002367
1040038
1044335
1042433
2004719
1009084
2014874
1020455
2008774
0001668
2001837
2041225
2014802
2041005
1024531
1009237
2032092
2007809
1020156
2004022
1034142
0001525
2015156
1018315
2024099
1031908
1040975
1041182
1010459
2005086
1040466
1010425
2015201
2003504
1010286
2033077
1009857
1004868
1010552
2033729
1001840
1011375
1020449
1044209
1042518
2000170
1024924
2045027
1008387
1003623
2024063
2003034
1046589
1025558
1033062
1045884
2003036
1024807
1042438
2025818
1034510
1025420
2043661
2003926
2024168
2042486
1017865
1013757
1041110
2032093
0001208
1002186
2002797
1031730
1046586
2029441
2005166
1040257
1041020
2020195
2043149
1001108
2030383
2032448
1044788
2032660
1031389
1018154
1001248
2002606
2030701
2031389
1003010
1002131
1023743
1012278
1003355
1013778
2002989
1032375
1025439
2034463
2004127
1041472
2043910
2040687
1047761
1007792
1013665
2004511
2003651
2043866
1015130
1005073
1043872
1023989
1041851
2018535
2004140
2005539
1041928
1041823
1040907
1006116
1000738
1013394
1018272
1026750
1025802
1009432
2044731
2031902
2044413
1034053
2034464
1041490
1041726
1002569
2014729
2005745
0001704
2032317
1024912
1045613
2004040
1041399
2003187
2002039
1004556
1008034
2003673
2002231
2033222
2003223
1005010
2041844
1004441
1047678
1019672
2003643
1007772
1025539
2032340
1041574
2001192
1030989
1008505
1034102
1004913
2012615
1017078
1012256
2044296
1017408
2040604
1018019
2003278
1044885
2024797
2005033
2028659
2006305
2033952
2007387
1018126
1005150
1045513
1021559
1025757
2043965
1046625
1020651
1044813
1044731
1015209
2015120
1015177
2005050
1026345
1010074
2022644
2004986
1043078
2008046
1019673
1026641
2004565
1041949
1031947
1045413
2044683
2023698
1010477
1005035
1018466
1009826
1006950
2007867
1040498
2031481
2009178
1017770
1032934
1045873
2008682
2041617
1045447
1004550
2007939
1013381
2016399
0001224
2007871
2015910
2008598
1042626
2034711
2004104
1046698
2041075
2040738
1041826
1047843
1006841
2029171
1029136
1016628
2002895
1031911
1040241
2032095
2033691
2033036
2003347
1040933
1009884
2040188
1015421
1006825
2043684
2043851
1005900
2016396
1013614
1017682
2001752
1044188
1047962
1032169
1025545
1042515
1043799
2008149
0001814
1008757
2024376
2007778
2008492
2004178
1004816
1041295
2028824
1026060
1012258
2016411
1012406
2004463
2029265
2004110
1041852
1018465
1020537
2007772
0001533
0001666
2016476
1007767
2000126
1001019
2041480
1008749
1008560
1003026
2034857
2003955
2044214
2009165
1023606
1008022
1041811
1042188
2007789
1040117
2042419
0001571
1045386
1040208
2017665
1041184
2041412
2043705
0000756
1023740
1001178
2042952
2024877
2007870
1024804
1005206
2041082
2044419
1009888
0001318
1029301
1010506
1006234
2008768
2043711
1019020
1006186
1044197
1024050
2032384
2041383
2043977
1026207
2041097
2005179
2003001
0000745
2030456
1031363
1031564
1041662
1040475
1017472
0002008
1007863
1044275
1012401
1002267
2033956
2042242
1002843
1002227
1019634
1040214
1042226
2017657
1031593
2005043
1015120
1045250
2021855
1018030
2023557
2005832
2024910
2040189
1001187
1006784
2015663
2003687
2015260
1041828
2041308
1047714
1024869
1043959
2043883
1032507
1018479
1002041
2005810
2015258
1008576
1044622
1008389
0001748
1021561
1017683
1008756
2003310
1045636
2043702
1046306
1013766
2005922
1001790
2003449
1043593
1023609
2001746
1018164
0001568
2009236
2043541
1032746
2005502
1007797
1031462
2043970
2004368
1013752
1044790
1004967
2041305
2004301
2017680
0001156
2015876
1045655
1004264
1022186
1025540
2025410
2015072
1013207
1025612
1047685
2041411
1043666
1025514
1008764
2042522
1024961
2003452
2044510
1005921
2003931
1025542
2003129
2014757
1023761
1029658
1043751
2041237
0000573
1041432
1017671
2007728
1031531
1016436
1040913
1046383
1046168
1040893
2023985
1000117
1041143
1030992
1007149
2003142
2003701
1009962
1025455
1040901
2015652
1032513
1041219
1008624
2029226
2004476
1003856
2007619
2031386
1004300
2003489
1000195
2022305
1014735
1046301
2042495
1043529
1020155
1025142
2043826
1007778
2043962
2000896
1009325
1009302
1005113
2002902
2014692
2000319
2041220
2040372
1004909
2044215
2004437
1013425
1025791
1032136
1040027
1007266
1001842
1001242
1026913
1020543
2004545
1040404
2003838
1032624
1043225
2015389
1012110
1024902
1013017
2045029
2043333
2000427
1020525
1004893
2001348
1047630
1045387
1044583
2007385
2008746
2041810
2003770
2003289
2031727
2005128
1031310
1005649
1032501
2002487
1040341
1040255
1031464
1007872
2028773
2004858
1015150
1006887
1021542
2025806
2041584
1003211
1044403
2001806
1024659
1023381
2004714
2024801
2004716
1008111
1008534
2043863
1015462
2003450
2043821
2041953
2017652
1010521
2044367
2007888
2001647
1033888
1034201
1007910
1031201
2003376
2015746
2016391
1018445
2005159
2002204
1044426
1020631
1010055
1015611
0001235
1045437
2004358
1033756
1010905
1012497
2002125
1010310
2001120
2023914
2032251
1043833
1012407
1033885
1001560
2001943
1032663
1044596
1023954
2006141
1010462
1008491
1007894
0001815
2015297
1001622
2024001
1026136
1020508
1017675
2002641
2003006
1020509
1020366
1015119
2043609
2004759
2003495
2009073
0000869
1029675
1040627
2005313
2008030
2041089
1015333
2041637
1008595
2008592
1044811
1011974
1014736
2004023
1010294
2007894
2005890
2007532
0001635
2008480
2015139
1018448
1013750
2041826
2023982
2033951
2001193
2043912
1025569
2007914
1045620
2006070
1007850
1025519
1045576
1024691
2001783
2032475
2044059
2001545
2030092
2044210
2008668
1026139
1009277
1015151
1041069
1032532
0001244
2001560
2003547
2003566
0001289
1034149
1007037
1001175
2043545
0000085
0000941
1046295
2031865
2041128
1024525
2042233
1001756
2004888
0000821
2009381
2044105
2001080
2033697
1020734
2004221
2017656
1007857
1001247
2008594
1025690
2026364
2001582
2003119
2024896
2025336
1009933
1001755
2025361
2001523
2031633
1002305
1007147
2041216
2004202
1041654
1040981
1040367
1046591
2012609
1032521
2043909
1010359
1032659
1007829
2040370
1040267
1007758
1040256
1007828
2000748
2031409
1045963
1031456
2034660
2032138
1018318
1025578
2040248
1025002
1013399
1046291
2025879
0000286
1002187
2040969
1042880
2000814
1006833
1041220
1040467
1040095
2033936
0001022
2003399
2033164
1043063
2004956
0001233
1040218
2002883
1023962
2041856
2000402
2006238
2032212
1044412
1015449
1043818
1021422
1007896
1017876
1027755
1011961
1023553
1042225
2028847
2002593
1008567
1000201
1009820
1009846
1000019
2042484
1044211
1017613
1011597
1008535
1041095
2040910
1042519
2012586
1026170
2017667
2032673
1043480
1025276
1046668
1004222
2024047
1009945
2007872
1004864
1033566
1007875
2040890
2005127
2032316
2001602
2031966
2043864
0001977
1007256
1024492
2007454
1024514
1020735
2024916
2022168
2003252
1032097
1020646
1009892
2040029
1023587
2003171
1015178
0000864
2001556
2003506
2040607
1014175
1045906
1020612
2043286
1042500
1026297
2032570
1007734
1044399
1040634
2004138
2000160
2003073
2009493
2024117
1025169
2015121
1033526
2024123
0001096
2024882
2005593
2041529
1011971
1018102
1017868
2041495
1010573
1001824
0000913
0001537
1015105
1011825
1024508
2001591
1041730
1024822
1005601
1020207
1046177
2002992
1041054
2003840
1023742
2009238
1019913
1024015
2040486
1016494
2026376
2001246
1020147
2001508
1034106
1044419
1041431
1016366
2015662
1011098
2002628
2033638
2001621
1025124
2008647
1041853
1002495
1024495
2007636
2016395
1007686
1010960
1026172
2033188
2023909
1010167
1027516
1014462
2004879
0000831
1014739
2033669
1007916
2017696
2004034
2032341
1001858
1047608
1009923
1011078
1010364
2004721
1007040
2042151
2040282
2007905
0001405
2025379
2015136
2018536
1026175
2014703
1031332
0001566
2031257
2001626
2004067
1004998
1045828
1045916
1018020
1007928
2024055
1044619
1043594
1043026
2004436
2043980
1015206
2033861
1046313
1046121
2032517
1007977
2002583
1041463
2003811
2007875
1043613
2004730
1043066
2043155
2003346
1015153
2024842
2008099
1009949
1007827
1016621
1042354
1005717
2003389
1009180
2043276
0000601
1019498
1007780
1031197
1001226
1044631
2024021
2031593
1005968
1023595
2043542
1040518
2009179
1000762
1033920
1027524
0000951
1025447
2003009
2043010
1041025
1043770
2017700
1028148
2007898
2041834
1043966
1017955
1047561
2003383
1042611
2044046
1008045
2031316
1007799
2004489
1008622
1042113
2043755
1032607
2026231
1016780
1016206
0000602
1020564
1009936
1020242
2029043
2005948
0000048
2025435
2015185
1028565
1001554
1025461
1043100
1000106
1040954
1009906
2031147
1010476
1007174
1040209
1003857
1020159
1019624
1031979
2016353
2041831
2008626
1025115
2006325
1040501
2001079
1043484
1024583
1040268
2044188
1043679
1032155
2041373
2015636
1010796
2008222
1002809
2008058
1016629
2041842
2023870
2043330
1018496
1025888
2032309
1018462
2002331
1007830
2008217
1008632
1032073
1046590
2003410
2015074
2031873
2041365
1033944
1003808
1032730
1040936
2004039
1041951
1040396
1011360
2002372
1032472
2043703
1001864
1040300
1044545
2003666
2044832
1024705
1047539
2012617
2040943
1047483
1019461
1031967
2003042
1017968
1017585
2003426
2016357
1010967
1041655
2004871
2044907
1031337
1018824
1016519
1034110
1000894
1026351
1018131
1000200
0000859
2015076
1000216
1041768
2007878
2005182
1013758
2031907
1047851
1017924
1024577
1000756
2005519
1024660
1018135
1045410
2016356
2043175
0001172
2040278
2030112
1002235
2032406
1033010
1019949
2025409
1047777
1032071
1012996
0000855
1008502
1044896
2040949
2006168
1007944
1047854
2043052
1043169
1046437
2000108
2008498
1010385
2004903
2041113
1041900
2033211
1006237
2031634
2006317
1008198
2025329
1017923
2004433
2001190
1034814
2008075
1010155
2016413
1042223
2000658
1040242
2002650
0000685
2026336
1040503
1031238
2025817
1000227
1005791
1007930
1006137
1042863
1047587
2024904
1047968
2041975
1016475
1003506
1047961
1003004
2033490
0001612
2000403
1031265
1020169
1020538
1041801
1040623
1043803
1019518
1023384
1017925
1000198
2009312
2001662
2002549
1016146
1033645
2001306
1025787
1017729
2023542
1010281
1016220
2032430
1040240
2042300
2026319
2015454
1032552
1023101
2001634
2033192
2003384
1011628
1002951
2002228
1034161
1024821
1042382
2003400
2001095
2008614
1011376
1025667
1008118
1026054
1001316
2024824
2001714
1018029
1031956
1002507
2015394
1043844
1015154
2043623
1040382
2003568
1003647
2003117
1033527
2003944
1006228
0001288
1008753
1006820
2002968
2002575
2009317
2008740
1044210
1043540
2041218
1026211
1017591
2014811
2003604
2004335
1047346
1026179
1041850
2026314
1018005
1019824
2012982
0001826
2008095
1010282
1007932
1001748
1007246
1044043
2024917
1047498
1007924
2007793
2040944
1009839
2043649
2028877
1008134
2044303
1024105
1040545
2000446
1025409
2033989
1001240
2000233
1005686
2033191
1044597
1020618
2043693
2002514
1044187
1007757
2008667
1031359
2002415
2044316
1031905
1024855
0001785
1017692
2025345
1027647
1023102
